width,height,channel_count,image_mode,count
1000,448,1,GRAYSCALE,1
1000,464,1,GRAYSCALE,1
1000,488,1,GRAYSCALE,1
1000,496,1,GRAYSCALE,1
1000,528,1,GRAYSCALE,1
1000,536,1,GRAYSCALE,1
1000,544,1,GRAYSCALE,2
1000,560,1,GRAYSCALE,3
1000,568,1,GRAYSCALE,4
1000,576,1,GRAYSCALE,1
1000,592,1,GRAYSCALE,2
1000,600,1,GRAYSCALE,2
1000,608,1,GRAYSCALE,1
1000,624,1,GRAYSCALE,4
1000,632,1,GRAYSCALE,1
1000,640,1,GRAYSCALE,2
1000,656,1,GRAYSCALE,1
1000,664,1,GRAYSCALE,3
1000,672,1,GRAYSCALE,2
1000,680,1,GRAYSCALE,4
1000,688,1,GRAYSCALE,2
1000,704,1,GRAYSCALE,5
1000,712,1,GRAYSCALE,2
1000,720,1,GRAYSCALE,1
1000,728,1,GRAYSCALE,2
1000,744,1,GRAYSCALE,4
1000,752,1,GRAYSCALE,1
1000,760,1,GRAYSCALE,1
1000,776,1,GRAYSCALE,1
1000,792,1,GRAYSCALE,1
1000,808,1,GRAYSCALE,1
1000,816,1,GRAYSCALE,1
1000,824,1,GRAYSCALE,1
1000,896,1,GRAYSCALE,1
1002,535,1,GRAYSCALE,1
1003,413,3,RGB,1
1006,674,1,GRAYSCALE,1
1006,740,1,GRAYSCALE,1
1006,855,1,GRAYSCALE,1
1008,512,1,GRAYSCALE,2
1008,520,1,GRAYSCALE,1
1008,528,1,GRAYSCALE,1
1008,536,1,GRAYSCALE,1
1008,552,1,GRAYSCALE,1
1008,560,1,GRAYSCALE,1
1008,568,1,GRAYSCALE,2
1008,576,1,GRAYSCALE,3
1008,584,1,GRAYSCALE,3
1008,592,1,GRAYSCALE,2
1008,600,1,GRAYSCALE,5
1008,608,1,GRAYSCALE,1
1008,616,1,GRAYSCALE,2
1008,624,1,GRAYSCALE,1
1008,632,1,GRAYSCALE,2
1008,640,1,GRAYSCALE,3
1008,648,1,GRAYSCALE,3
1008,656,1,GRAYSCALE,2
1008,664,1,GRAYSCALE,1
1008,670,3,RGB,1
1008,680,1,GRAYSCALE,5
1008,688,1,GRAYSCALE,2
1008,696,1,GRAYSCALE,4
1008,704,1,GRAYSCALE,7
1008,712,1,GRAYSCALE,1
1008,720,1,GRAYSCALE,1
1008,728,1,GRAYSCALE,4
1008,736,1,GRAYSCALE,1
1008,760,1,GRAYSCALE,1
1008,768,1,GRAYSCALE,1
1008,776,1,GRAYSCALE,2
1008,800,1,GRAYSCALE,1
1008,808,1,GRAYSCALE,1
1008,848,1,GRAYSCALE,1
1010,562,3,RGB,1
1010,670,1,GRAYSCALE,1
1010,676,3,RGB,1
1010,685,1,GRAYSCALE,1
1010,717,1,GRAYSCALE,1
1014,846,1,GRAYSCALE,1
1015,607,3,RGB,1
1016,512,1,GRAYSCALE,1
1016,544,1,GRAYSCALE,1
1016,552,1,GRAYSCALE,1
1016,560,1,GRAYSCALE,3
1016,576,1,GRAYSCALE,1
1016,584,1,GRAYSCALE,1
1016,600,1,GRAYSCALE,1
1016,608,1,GRAYSCALE,2
1016,616,1,GRAYSCALE,2
1016,624,1,GRAYSCALE,1
1016,632,1,GRAYSCALE,2
1016,640,1,GRAYSCALE,2
1016,648,1,GRAYSCALE,4
1016,656,1,GRAYSCALE,3
1016,664,1,GRAYSCALE,3
1016,672,1,GRAYSCALE,2
1016,680,1,GRAYSCALE,4
1016,688,1,GRAYSCALE,1
1016,696,1,GRAYSCALE,2
1016,704,1,GRAYSCALE,1
1016,712,1,GRAYSCALE,1
1016,720,1,GRAYSCALE,1
1016,728,1,GRAYSCALE,2
1016,736,1,GRAYSCALE,1
1016,744,1,GRAYSCALE,1
1016,752,1,GRAYSCALE,2
1016,760,1,GRAYSCALE,2
1016,768,1,GRAYSCALE,2
1016,800,1,GRAYSCALE,1
1016,808,1,GRAYSCALE,1
1016,816,1,GRAYSCALE,2
1016,824,1,GRAYSCALE,1
1016,832,1,GRAYSCALE,1
1016,848,1,GRAYSCALE,2
1020,647,1,GRAYSCALE,1
1021,701,3,RGB,1
1022,643,1,GRAYSCALE,1
1022,735,1,GRAYSCALE,1
1023,719,3,RGB,1
1024,480,1,GRAYSCALE,1
1024,528,1,GRAYSCALE,1
1024,552,1,GRAYSCALE,2
1024,560,1,GRAYSCALE,1
1024,568,1,GRAYSCALE,2
1024,576,1,GRAYSCALE,1
1024,584,1,GRAYSCALE,1
1024,592,1,GRAYSCALE,2
1024,600,1,GRAYSCALE,2
1024,608,1,GRAYSCALE,1
1024,616,1,GRAYSCALE,1
1024,624,1,GRAYSCALE,3
1024,632,1,GRAYSCALE,4
1024,640,1,GRAYSCALE,2
1024,648,1,GRAYSCALE,2
1024,656,1,GRAYSCALE,2
1024,664,1,GRAYSCALE,1
1024,672,1,GRAYSCALE,2
1024,680,1,GRAYSCALE,2
1024,688,1,GRAYSCALE,2
1024,696,1,GRAYSCALE,3
1024,704,1,GRAYSCALE,2
1024,712,1,GRAYSCALE,3
1024,728,1,GRAYSCALE,2
1024,736,1,GRAYSCALE,1
1024,744,1,GRAYSCALE,3
1024,751,1,GRAYSCALE,1
1024,752,1,GRAYSCALE,1
1024,776,1,GRAYSCALE,1
1024,816,1,GRAYSCALE,1
1024,824,1,GRAYSCALE,1
1024,872,1,GRAYSCALE,2
1026,573,1,GRAYSCALE,1
1028,581,1,GRAYSCALE,1
1028,650,1,GRAYSCALE,1
1028,685,1,GRAYSCALE,1
1032,520,1,GRAYSCALE,1
1032,528,1,GRAYSCALE,1
1032,536,1,GRAYSCALE,1
1032,552,1,GRAYSCALE,1
1032,576,1,GRAYSCALE,1
1032,592,1,GRAYSCALE,2
1032,600,1,GRAYSCALE,3
1032,632,1,GRAYSCALE,1
1032,640,1,GRAYSCALE,1
1032,648,1,GRAYSCALE,2
1032,656,1,GRAYSCALE,1
1032,680,1,GRAYSCALE,3
1032,688,1,GRAYSCALE,1
1032,696,1,GRAYSCALE,1
1032,704,1,GRAYSCALE,1
1032,712,1,GRAYSCALE,1
1032,736,1,GRAYSCALE,1
1032,744,1,GRAYSCALE,4
1032,752,1,GRAYSCALE,1
1032,760,1,GRAYSCALE,1
1032,768,1,GRAYSCALE,2
1032,800,1,GRAYSCALE,1
1032,824,1,GRAYSCALE,1
1032,840,1,GRAYSCALE,1
1032,856,1,GRAYSCALE,1
1032,888,1,GRAYSCALE,1
1033,697,3,RGB,1
1040,504,1,GRAYSCALE,1
1040,520,1,GRAYSCALE,1
1040,528,1,GRAYSCALE,3
1040,536,1,GRAYSCALE,1
1040,544,1,GRAYSCALE,1
1040,560,1,GRAYSCALE,2
1040,568,1,GRAYSCALE,1
1040,576,1,GRAYSCALE,2
1040,600,1,GRAYSCALE,1
1040,615,1,GRAYSCALE,1
1040,627,1,GRAYSCALE,1
1040,640,1,GRAYSCALE,2
1040,648,1,GRAYSCALE,1
1040,656,1,GRAYSCALE,2
1040,664,1,GRAYSCALE,2
1040,680,1,GRAYSCALE,1
1040,688,1,GRAYSCALE,2
1040,696,1,GRAYSCALE,3
1040,712,1,GRAYSCALE,1
1040,720,1,GRAYSCALE,1
1040,724,1,GRAYSCALE,1
1040,728,1,GRAYSCALE,1
1040,736,1,GRAYSCALE,2
1040,747,1,GRAYSCALE,1
1040,752,1,GRAYSCALE,2
1040,760,1,GRAYSCALE,2
1040,768,1,GRAYSCALE,1
1040,824,1,GRAYSCALE,1
1040,848,1,GRAYSCALE,1
1040,856,1,GRAYSCALE,2
1040,864,1,GRAYSCALE,1
1048,440,1,GRAYSCALE,1
1048,480,1,GRAYSCALE,1
1048,528,1,GRAYSCALE,1
1048,544,1,GRAYSCALE,1
1048,552,1,GRAYSCALE,1
1048,568,1,GRAYSCALE,1
1048,576,1,GRAYSCALE,1
1048,584,1,GRAYSCALE,1
1048,604,1,GRAYSCALE,1
1048,608,1,GRAYSCALE,1
1048,616,1,GRAYSCALE,1
1048,632,1,GRAYSCALE,2
1048,640,1,GRAYSCALE,1
1048,648,1,GRAYSCALE,2
1048,664,1,GRAYSCALE,2
1048,680,1,GRAYSCALE,2
1048,685,1,GRAYSCALE,1
1048,688,1,GRAYSCALE,1
1048,696,1,GRAYSCALE,1
1048,704,1,GRAYSCALE,1
1048,716,1,GRAYSCALE,1
1048,736,1,GRAYSCALE,2
1048,752,1,GRAYSCALE,2
1048,768,1,GRAYSCALE,2
1048,776,1,GRAYSCALE,1
1048,816,1,GRAYSCALE,1
1048,856,1,GRAYSCALE,3
1048,872,1,GRAYSCALE,1
1048,888,1,GRAYSCALE,1
1052,651,1,GRAYSCALE,1
1056,544,1,GRAYSCALE,1
1056,552,1,GRAYSCALE,1
1056,568,1,GRAYSCALE,1
1056,584,1,GRAYSCALE,1
1056,592,1,GRAYSCALE,2
1056,616,1,GRAYSCALE,2
1056,619,3,RGB,1
1056,624,1,GRAYSCALE,2
1056,632,1,GRAYSCALE,3
1056,642,1,GRAYSCALE,1
1056,643,1,GRAYSCALE,1
1056,656,1,GRAYSCALE,2
1056,664,1,GRAYSCALE,2
1056,672,1,GRAYSCALE,2
1056,680,1,GRAYSCALE,2
1056,688,1,GRAYSCALE,1
1056,696,1,GRAYSCALE,2
1056,701,1,GRAYSCALE,1
1056,720,1,GRAYSCALE,1
1056,728,1,GRAYSCALE,1
1056,736,1,GRAYSCALE,3
1056,744,1,GRAYSCALE,1
1056,752,1,GRAYSCALE,1
1056,755,1,GRAYSCALE,1
1056,760,1,GRAYSCALE,2
1056,768,1,GRAYSCALE,1
1056,776,1,GRAYSCALE,1
1056,784,1,GRAYSCALE,1
1056,792,1,GRAYSCALE,1
1056,808,1,GRAYSCALE,2
1056,840,1,GRAYSCALE,3
1056,856,1,GRAYSCALE,3
1056,896,1,GRAYSCALE,1
1056,920,1,GRAYSCALE,1
1056,925,1,GRAYSCALE,1
1056,960,1,GRAYSCALE,1
1064,504,1,GRAYSCALE,1
1064,512,1,GRAYSCALE,1
1064,544,1,GRAYSCALE,1
1064,552,1,GRAYSCALE,2
1064,560,1,GRAYSCALE,1
1064,576,1,GRAYSCALE,2
1064,592,1,GRAYSCALE,4
1064,600,1,GRAYSCALE,1
1064,616,1,GRAYSCALE,1
1064,624,1,GRAYSCALE,2
1064,627,1,GRAYSCALE,1
1064,632,1,GRAYSCALE,4
1064,640,1,GRAYSCALE,1
1064,648,1,GRAYSCALE,1
1064,656,1,GRAYSCALE,1
1064,672,1,GRAYSCALE,1
1064,680,1,GRAYSCALE,1
1064,688,1,GRAYSCALE,2
1064,696,1,GRAYSCALE,3
1064,712,1,GRAYSCALE,3
1064,720,1,GRAYSCALE,1
1064,736,1,GRAYSCALE,1
1064,760,1,GRAYSCALE,5
1064,776,1,GRAYSCALE,1
1064,792,1,GRAYSCALE,1
1064,808,1,GRAYSCALE,1
1064,816,1,GRAYSCALE,1
1064,840,1,GRAYSCALE,1
1064,842,1,GRAYSCALE,1
1064,856,1,GRAYSCALE,2
1064,880,1,GRAYSCALE,1
1064,896,1,GRAYSCALE,1
1064,904,1,GRAYSCALE,1
1064,936,1,GRAYSCALE,1
1064,952,1,GRAYSCALE,1
1068,620,1,GRAYSCALE,1
1068,720,1,GRAYSCALE,1
1068,763,1,GRAYSCALE,1
1068,778,1,GRAYSCALE,1
1070,736,1,GRAYSCALE,1
1072,504,1,GRAYSCALE,2
1072,520,1,GRAYSCALE,1
1072,552,1,GRAYSCALE,1
1072,560,1,GRAYSCALE,1
1072,568,1,GRAYSCALE,1
1072,576,1,GRAYSCALE,1
1072,584,1,GRAYSCALE,1
1072,592,1,GRAYSCALE,1
1072,603,3,RGB,1
1072,608,1,GRAYSCALE,2
1072,616,1,GRAYSCALE,2
1072,624,1,GRAYSCALE,3
1072,632,1,GRAYSCALE,2
1072,640,1,GRAYSCALE,2
1072,648,1,GRAYSCALE,7
1072,656,1,GRAYSCALE,1
1072,658,1,GRAYSCALE,1
1072,664,1,GRAYSCALE,4
1072,672,1,GRAYSCALE,1
1072,680,1,GRAYSCALE,1
1072,688,1,GRAYSCALE,2
1072,696,1,GRAYSCALE,2
1072,704,1,GRAYSCALE,1
1072,712,1,GRAYSCALE,2
1072,720,1,GRAYSCALE,4
1072,728,1,GRAYSCALE,2
1072,736,1,GRAYSCALE,2
1072,744,1,GRAYSCALE,4
1072,752,1,GRAYSCALE,2
1072,760,1,GRAYSCALE,1
1072,768,1,GRAYSCALE,2
1072,770,1,GRAYSCALE,1
1072,800,1,GRAYSCALE,3
1072,812,1,GRAYSCALE,1
1072,816,1,GRAYSCALE,1
1072,832,1,GRAYSCALE,1
1072,840,1,GRAYSCALE,1
1072,848,1,GRAYSCALE,1
1072,856,1,GRAYSCALE,1
1072,880,1,GRAYSCALE,1
1072,888,1,GRAYSCALE,1
1072,928,1,GRAYSCALE,1
1074,708,1,GRAYSCALE,1
1076,630,3,RGB,1
1078,639,1,GRAYSCALE,1
1080,552,1,GRAYSCALE,1
1080,584,1,GRAYSCALE,2
1080,600,1,GRAYSCALE,1
1080,608,1,GRAYSCALE,1
1080,624,1,GRAYSCALE,1
1080,632,1,GRAYSCALE,2
1080,648,1,GRAYSCALE,1
1080,664,1,GRAYSCALE,1
1080,672,1,GRAYSCALE,3
1080,680,1,GRAYSCALE,1
1080,688,1,GRAYSCALE,1
1080,696,1,GRAYSCALE,1
1080,712,1,GRAYSCALE,2
1080,720,1,GRAYSCALE,4
1080,728,1,GRAYSCALE,6
1080,736,1,GRAYSCALE,2
1080,744,1,GRAYSCALE,1
1080,752,1,GRAYSCALE,4
1080,760,1,GRAYSCALE,2
1080,768,1,GRAYSCALE,2
1080,776,1,GRAYSCALE,2
1080,784,1,GRAYSCALE,2
1080,800,1,GRAYSCALE,1
1080,808,1,GRAYSCALE,2
1080,824,1,GRAYSCALE,1
1080,840,1,GRAYSCALE,1
1080,920,1,GRAYSCALE,1
1080,984,1,GRAYSCALE,1
1082,612,1,GRAYSCALE,1
1082,658,1,GRAYSCALE,1
1082,720,1,GRAYSCALE,1
1084,618,3,RGB,1
1084,717,3,RGB,1
1086,693,1,GRAYSCALE,1
1086,739,1,GRAYSCALE,1
1086,874,1,GRAYSCALE,1
1086,898,1,GRAYSCALE,1
1088,536,1,GRAYSCALE,1
1088,544,1,GRAYSCALE,1
1088,560,1,GRAYSCALE,2
1088,568,1,GRAYSCALE,1
1088,576,1,GRAYSCALE,2
1088,584,1,GRAYSCALE,2
1088,592,1,GRAYSCALE,1
1088,600,1,GRAYSCALE,1
1088,608,1,GRAYSCALE,1
1088,616,1,GRAYSCALE,1
1088,648,1,GRAYSCALE,1
1088,656,1,GRAYSCALE,2
1088,664,1,GRAYSCALE,1
1088,672,1,GRAYSCALE,2
1088,688,1,GRAYSCALE,3
1088,696,1,GRAYSCALE,2
1088,704,1,GRAYSCALE,1
1088,712,1,GRAYSCALE,5
1088,728,1,GRAYSCALE,2
1088,736,1,GRAYSCALE,1
1088,752,1,GRAYSCALE,2
1088,760,1,GRAYSCALE,1
1088,768,1,GRAYSCALE,1
1088,776,1,GRAYSCALE,3
1088,784,1,GRAYSCALE,1
1088,792,1,GRAYSCALE,1
1088,800,1,GRAYSCALE,2
1088,824,1,GRAYSCALE,2
1088,840,1,GRAYSCALE,1
1088,848,1,GRAYSCALE,1
1088,856,1,GRAYSCALE,1
1088,872,1,GRAYSCALE,1
1088,912,1,GRAYSCALE,1
1088,968,1,GRAYSCALE,1
1088,992,1,GRAYSCALE,1
1090,751,1,GRAYSCALE,1
1090,793,1,GRAYSCALE,1
1092,736,1,GRAYSCALE,1
1092,751,1,GRAYSCALE,1
1094,709,1,GRAYSCALE,1
1094,829,1,GRAYSCALE,1
1094,898,1,GRAYSCALE,1
1096,472,1,GRAYSCALE,1
1096,488,1,GRAYSCALE,1
1096,536,1,GRAYSCALE,2
1096,560,1,GRAYSCALE,1
1096,592,1,GRAYSCALE,1
1096,600,1,GRAYSCALE,2
1096,624,1,GRAYSCALE,2
1096,640,1,GRAYSCALE,1
1096,650,1,GRAYSCALE,1
1096,656,1,GRAYSCALE,3
1096,664,1,GRAYSCALE,1
1096,672,1,GRAYSCALE,2
1096,680,1,GRAYSCALE,1
1096,696,1,GRAYSCALE,1
1096,712,1,GRAYSCALE,3
1096,720,1,GRAYSCALE,1
1096,744,1,GRAYSCALE,1
1096,760,1,GRAYSCALE,2
1096,768,1,GRAYSCALE,1
1096,776,1,GRAYSCALE,2
1096,784,1,GRAYSCALE,4
1096,808,1,GRAYSCALE,2
1096,832,1,GRAYSCALE,3
1096,880,1,GRAYSCALE,1
1096,896,1,GRAYSCALE,2
1096,960,1,GRAYSCALE,1
1096,976,1,GRAYSCALE,1
1098,651,1,GRAYSCALE,1
1098,759,1,GRAYSCALE,1
1098,863,1,GRAYSCALE,1
1098,955,1,GRAYSCALE,1
1101,823,1,GRAYSCALE,1
1102,585,1,GRAYSCALE,1
1102,755,1,GRAYSCALE,1
1104,536,1,GRAYSCALE,1
1104,592,1,GRAYSCALE,1
1104,600,1,GRAYSCALE,1
1104,632,1,GRAYSCALE,1
1104,640,1,GRAYSCALE,1
1104,656,1,GRAYSCALE,2
1104,672,1,GRAYSCALE,1
1104,680,1,GRAYSCALE,1
1104,684,3,RGB,1
1104,704,1,GRAYSCALE,2
1104,728,1,GRAYSCALE,2
1104,736,1,GRAYSCALE,3
1104,744,1,GRAYSCALE,3
1104,752,1,GRAYSCALE,2
1104,760,1,GRAYSCALE,1
1104,776,1,GRAYSCALE,2
1104,792,1,GRAYSCALE,2
1104,824,1,GRAYSCALE,2
1104,832,1,GRAYSCALE,1
1104,848,1,GRAYSCALE,1
1104,888,1,GRAYSCALE,1
1104,896,1,GRAYSCALE,1
1106,650,1,GRAYSCALE,1
1106,674,1,GRAYSCALE,1
1106,712,1,GRAYSCALE,1
1106,731,1,GRAYSCALE,1
1106,762,1,GRAYSCALE,1
1106,774,1,GRAYSCALE,1
1110,658,1,GRAYSCALE,1
1110,724,1,GRAYSCALE,1
1110,755,1,GRAYSCALE,1
1110,870,1,GRAYSCALE,1
1110,886,1,GRAYSCALE,1
1110,944,1,GRAYSCALE,1
1111,621,3,RGB,1
1112,568,1,GRAYSCALE,1
1112,592,1,GRAYSCALE,1
1112,600,1,GRAYSCALE,2
1112,624,1,GRAYSCALE,2
1112,632,1,GRAYSCALE,1
1112,640,1,GRAYSCALE,1
1112,648,1,GRAYSCALE,1
1112,672,1,GRAYSCALE,1
1112,680,1,GRAYSCALE,1
1112,688,1,GRAYSCALE,1
1112,704,1,GRAYSCALE,3
1112,712,1,GRAYSCALE,1
1112,720,1,GRAYSCALE,1
1112,728,1,GRAYSCALE,1
1112,736,1,GRAYSCALE,4
1112,744,1,GRAYSCALE,2
1112,768,1,GRAYSCALE,1
1112,784,1,GRAYSCALE,2
1112,824,1,GRAYSCALE,1
1112,832,1,GRAYSCALE,1
1112,856,1,GRAYSCALE,1
1112,872,1,GRAYSCALE,1
1114,815,1,GRAYSCALE,1
1114,832,1,GRAYSCALE,1
1114,843,1,GRAYSCALE,1
1114,850,1,GRAYSCALE,1
1118,708,1,GRAYSCALE,1
1118,712,1,GRAYSCALE,1
1118,740,1,GRAYSCALE,1
1118,932,1,GRAYSCALE,1
1120,528,1,GRAYSCALE,1
1120,552,1,GRAYSCALE,1
1120,568,1,GRAYSCALE,1
1120,592,1,GRAYSCALE,3
1120,616,1,GRAYSCALE,1
1120,632,1,GRAYSCALE,1
1120,640,1,GRAYSCALE,2
1120,648,1,GRAYSCALE,2
1120,656,1,GRAYSCALE,1
1120,680,1,GRAYSCALE,4
1120,696,1,GRAYSCALE,1
1120,704,1,GRAYSCALE,3
1120,736,1,GRAYSCALE,2
1120,744,1,GRAYSCALE,3
1120,768,1,GRAYSCALE,1
1120,776,1,GRAYSCALE,1
1120,784,1,GRAYSCALE,3
1120,808,1,GRAYSCALE,2
1120,816,1,GRAYSCALE,1
1120,856,1,GRAYSCALE,1
1120,872,1,GRAYSCALE,1
1120,880,1,GRAYSCALE,2
1120,904,1,GRAYSCALE,1
1122,639,1,GRAYSCALE,1
1122,798,1,GRAYSCALE,1
1122,832,1,GRAYSCALE,1
1124,716,1,GRAYSCALE,1
1126,1012,1,GRAYSCALE,1
1126,851,1,GRAYSCALE,1
1128,1040,1,GRAYSCALE,1
1128,520,1,GRAYSCALE,1
1128,568,1,GRAYSCALE,1
1128,624,1,GRAYSCALE,1
1128,640,1,GRAYSCALE,1
1128,648,1,GRAYSCALE,2
1128,680,1,GRAYSCALE,1
1128,688,1,GRAYSCALE,1
1128,704,1,GRAYSCALE,3
1128,720,1,GRAYSCALE,2
1128,728,1,GRAYSCALE,2
1128,736,1,GRAYSCALE,4
1128,744,1,GRAYSCALE,2
1128,752,1,GRAYSCALE,4
1128,768,1,GRAYSCALE,2
1128,776,1,GRAYSCALE,1
1128,792,1,GRAYSCALE,1
1128,808,1,GRAYSCALE,2
1128,817,1,GRAYSCALE,1
1128,832,1,GRAYSCALE,1
1128,944,1,GRAYSCALE,1
1128,966,1,GRAYSCALE,1
1130,666,1,GRAYSCALE,1
1130,831,1,GRAYSCALE,1
1132,766,1,GRAYSCALE,2
1132,821,1,GRAYSCALE,1
1132,825,1,GRAYSCALE,1
1134,731,1,GRAYSCALE,1
1136,1008,1,GRAYSCALE,1
1136,1024,1,GRAYSCALE,2
1136,528,1,GRAYSCALE,1
1136,576,1,GRAYSCALE,2
1136,648,1,GRAYSCALE,2
1136,654,1,GRAYSCALE,1
1136,656,1,GRAYSCALE,1
1136,664,1,GRAYSCALE,1
1136,680,1,GRAYSCALE,5
1136,688,1,GRAYSCALE,4
1136,704,1,GRAYSCALE,3
1136,712,1,GRAYSCALE,2
1136,713,1,GRAYSCALE,1
1136,728,1,GRAYSCALE,1
1136,744,1,GRAYSCALE,1
1136,752,1,GRAYSCALE,1
1136,760,1,GRAYSCALE,3
1136,768,1,GRAYSCALE,3
1136,776,1,GRAYSCALE,1
1136,784,1,GRAYSCALE,1
1136,792,1,GRAYSCALE,2
1136,824,1,GRAYSCALE,3
1136,840,1,GRAYSCALE,3
1136,856,1,GRAYSCALE,1
1136,864,1,GRAYSCALE,1
1136,872,1,GRAYSCALE,2
1136,888,1,GRAYSCALE,3
1136,904,1,GRAYSCALE,1
1136,912,1,GRAYSCALE,1
1136,920,1,GRAYSCALE,1
1136,968,1,GRAYSCALE,1
1138,677,1,GRAYSCALE,1
1140,786,1,GRAYSCALE,1
1140,846,1,GRAYSCALE,1
1142,689,1,GRAYSCALE,1
1144,1072,1,GRAYSCALE,1
1144,592,1,GRAYSCALE,1
1144,600,1,GRAYSCALE,1
1144,624,1,GRAYSCALE,1
1144,632,1,GRAYSCALE,3
1144,656,1,GRAYSCALE,3
1144,672,1,GRAYSCALE,2
1144,680,1,GRAYSCALE,1
1144,688,1,GRAYSCALE,1
1144,696,1,GRAYSCALE,1
1144,704,1,GRAYSCALE,1
1144,720,1,GRAYSCALE,2
1144,736,1,GRAYSCALE,2
1144,752,1,GRAYSCALE,1
1144,760,1,GRAYSCALE,3
1144,774,1,GRAYSCALE,1
1144,784,1,GRAYSCALE,2
1144,790,1,GRAYSCALE,1
1144,792,1,GRAYSCALE,3
1144,793,1,GRAYSCALE,1
1144,808,1,GRAYSCALE,2
1144,824,1,GRAYSCALE,2
1144,832,1,GRAYSCALE,1
1144,840,1,GRAYSCALE,1
1144,848,1,GRAYSCALE,2
1144,856,1,GRAYSCALE,1
1144,864,1,GRAYSCALE,1
1144,888,1,GRAYSCALE,1
1144,896,1,GRAYSCALE,1
1144,904,1,GRAYSCALE,1
1144,928,1,GRAYSCALE,3
1144,936,1,GRAYSCALE,1
1144,952,1,GRAYSCALE,1
1144,966,1,GRAYSCALE,1
1148,677,1,GRAYSCALE,1
1148,689,1,GRAYSCALE,1
1148,720,1,GRAYSCALE,1
1148,805,1,GRAYSCALE,1
1148,897,1,GRAYSCALE,1
1148,908,1,GRAYSCALE,1
1152,1032,1,GRAYSCALE,1
1152,512,1,GRAYSCALE,1
1152,536,1,GRAYSCALE,1
1152,584,1,GRAYSCALE,1
1152,616,1,GRAYSCALE,1
1152,632,1,GRAYSCALE,2
1152,648,1,GRAYSCALE,2
1152,664,1,GRAYSCALE,5
1152,672,1,GRAYSCALE,4
1152,674,1,GRAYSCALE,1
1152,688,1,GRAYSCALE,2
1152,696,1,GRAYSCALE,2
1152,704,1,GRAYSCALE,1
1152,712,1,GRAYSCALE,1
1152,720,1,GRAYSCALE,3
1152,728,1,GRAYSCALE,4
1152,736,1,GRAYSCALE,4
1152,744,1,GRAYSCALE,1
1152,752,1,GRAYSCALE,2
1152,760,1,GRAYSCALE,3
1152,776,1,GRAYSCALE,1
1152,784,1,GRAYSCALE,3
1152,792,1,GRAYSCALE,2
1152,816,1,GRAYSCALE,2
1152,832,1,GRAYSCALE,4
1152,840,1,GRAYSCALE,1
1152,856,1,GRAYSCALE,3
1152,912,1,GRAYSCALE,1
1152,920,1,GRAYSCALE,1
1152,944,1,GRAYSCALE,1
1156,1237,1,GRAYSCALE,1
1156,747,1,GRAYSCALE,1
1156,804,1,GRAYSCALE,1
1156,820,1,GRAYSCALE,1
1160,1024,1,GRAYSCALE,1
1160,1032,1,GRAYSCALE,1
1160,560,1,GRAYSCALE,1
1160,624,1,GRAYSCALE,1
1160,632,1,GRAYSCALE,2
1160,648,1,GRAYSCALE,1
1160,664,1,GRAYSCALE,2
1160,672,1,GRAYSCALE,1
1160,688,1,GRAYSCALE,1
1160,696,1,GRAYSCALE,1
1160,712,1,GRAYSCALE,1
1160,736,1,GRAYSCALE,5
1160,744,1,GRAYSCALE,3
1160,752,1,GRAYSCALE,4
1160,760,1,GRAYSCALE,1
1160,768,1,GRAYSCALE,3
1160,776,1,GRAYSCALE,3
1160,784,1,GRAYSCALE,1
1160,800,1,GRAYSCALE,4
1160,816,1,GRAYSCALE,2
1160,824,1,GRAYSCALE,2
1160,832,1,GRAYSCALE,3
1160,856,1,GRAYSCALE,2
1160,872,1,GRAYSCALE,2
1160,897,1,GRAYSCALE,1
1160,904,1,GRAYSCALE,2
1160,920,1,GRAYSCALE,1
1160,929,1,GRAYSCALE,1
1160,936,1,GRAYSCALE,1
1160,960,1,GRAYSCALE,2
1164,1021,1,GRAYSCALE,1
1164,1086,1,GRAYSCALE,1
1164,735,1,GRAYSCALE,1
1164,801,1,GRAYSCALE,1
1164,809,1,GRAYSCALE,1
1164,836,1,GRAYSCALE,1
1164,844,1,GRAYSCALE,1
1168,1000,1,GRAYSCALE,1
1168,1016,1,GRAYSCALE,1
1168,1024,1,GRAYSCALE,1
1168,1072,1,GRAYSCALE,1
1168,560,1,GRAYSCALE,1
1168,608,1,GRAYSCALE,2
1168,640,1,GRAYSCALE,1
1168,648,1,GRAYSCALE,1
1168,672,1,GRAYSCALE,1
1168,688,1,GRAYSCALE,2
1168,696,1,GRAYSCALE,1
1168,704,1,GRAYSCALE,1
1168,712,1,GRAYSCALE,2
1168,728,1,GRAYSCALE,2
1168,736,1,GRAYSCALE,1
1168,744,1,GRAYSCALE,1
1168,752,1,GRAYSCALE,1
1168,760,1,GRAYSCALE,2
1168,768,1,GRAYSCALE,3
1168,776,1,GRAYSCALE,3
1168,784,1,GRAYSCALE,2
1168,792,1,GRAYSCALE,1
1168,800,1,GRAYSCALE,2
1168,808,1,GRAYSCALE,2
1168,816,1,GRAYSCALE,1
1168,824,1,GRAYSCALE,2
1168,828,1,GRAYSCALE,1
1168,832,1,GRAYSCALE,1
1168,840,1,GRAYSCALE,4
1168,848,1,GRAYSCALE,2
1168,864,1,GRAYSCALE,1
1168,872,1,GRAYSCALE,2
1168,880,1,GRAYSCALE,1
1168,944,1,GRAYSCALE,1
1168,960,1,GRAYSCALE,1
1170,889,1,GRAYSCALE,1
1172,732,1,GRAYSCALE,1
1172,778,1,GRAYSCALE,1
1172,859,1,GRAYSCALE,1
1172,967,1,GRAYSCALE,1
1172,986,1,GRAYSCALE,1
1176,1024,1,GRAYSCALE,1
1176,1032,1,GRAYSCALE,1
1176,616,1,GRAYSCALE,1
1176,662,1,GRAYSCALE,1
1176,664,1,GRAYSCALE,1
1176,696,1,GRAYSCALE,2
1176,704,1,GRAYSCALE,1
1176,720,1,GRAYSCALE,1
1176,727,1,GRAYSCALE,1
1176,728,1,GRAYSCALE,2
1176,736,1,GRAYSCALE,2
1176,744,1,GRAYSCALE,1
1176,752,1,GRAYSCALE,1
1176,760,1,GRAYSCALE,4
1176,768,1,GRAYSCALE,1
1176,776,1,GRAYSCALE,1
1176,784,1,GRAYSCALE,4
1176,800,1,GRAYSCALE,3
1176,813,1,GRAYSCALE,1
1176,816,1,GRAYSCALE,1
1176,824,1,GRAYSCALE,1
1176,856,1,GRAYSCALE,3
1176,952,1,GRAYSCALE,1
1176,960,1,GRAYSCALE,1
1180,1025,1,GRAYSCALE,1
1180,809,1,GRAYSCALE,1
1180,863,1,GRAYSCALE,1
1180,885,1,GRAYSCALE,1
1184,1000,1,GRAYSCALE,1
1184,1024,1,GRAYSCALE,1
1184,1032,1,GRAYSCALE,1
1184,1040,1,GRAYSCALE,1
1184,1048,1,GRAYSCALE,1
1184,1128,1,GRAYSCALE,1
1184,624,1,GRAYSCALE,1
1184,648,1,GRAYSCALE,2
1184,656,1,GRAYSCALE,1
1184,664,1,GRAYSCALE,1
1184,688,1,GRAYSCALE,2
1184,704,1,GRAYSCALE,1
1184,712,1,GRAYSCALE,1
1184,728,1,GRAYSCALE,1
1184,752,1,GRAYSCALE,2
1184,760,1,GRAYSCALE,1
1184,792,1,GRAYSCALE,5
1184,800,1,GRAYSCALE,1
1184,808,1,GRAYSCALE,4
1184,816,1,GRAYSCALE,3
1184,824,1,GRAYSCALE,1
1184,832,1,GRAYSCALE,2
1184,840,1,GRAYSCALE,1
1184,848,1,GRAYSCALE,1
1184,856,1,GRAYSCALE,2
1184,864,1,GRAYSCALE,1
1184,880,1,GRAYSCALE,1
1184,928,1,GRAYSCALE,1
1184,960,1,GRAYSCALE,1
1184,984,1,GRAYSCALE,2
1186,751,1,GRAYSCALE,1
1186,769,1,GRAYSCALE,1
1186,866,1,GRAYSCALE,1
1186,940,1,GRAYSCALE,1
1188,885,1,GRAYSCALE,1
1189,720,3,RGB,1
1190,709,1,GRAYSCALE,1
1190,901,1,GRAYSCALE,1
1190,925,1,GRAYSCALE,1
1192,1088,1,GRAYSCALE,1
1192,520,1,GRAYSCALE,1
1192,568,1,GRAYSCALE,1
1192,664,1,GRAYSCALE,1
1192,672,1,GRAYSCALE,2
1192,688,1,GRAYSCALE,1
1192,696,1,GRAYSCALE,1
1192,712,1,GRAYSCALE,1
1192,728,1,GRAYSCALE,2
1192,736,1,GRAYSCALE,1
1192,752,1,GRAYSCALE,2
1192,760,1,GRAYSCALE,5
1192,776,1,GRAYSCALE,1
1192,789,1,GRAYSCALE,1
1192,792,1,GRAYSCALE,2
1192,800,1,GRAYSCALE,1
1192,808,1,GRAYSCALE,3
1192,832,1,GRAYSCALE,2
1192,840,1,GRAYSCALE,1
1192,856,1,GRAYSCALE,2
1192,862,1,GRAYSCALE,1
1192,864,1,GRAYSCALE,2
1192,872,1,GRAYSCALE,2
1192,888,1,GRAYSCALE,3
1192,920,1,GRAYSCALE,1
1192,928,1,GRAYSCALE,1
1192,952,1,GRAYSCALE,1
1192,976,1,GRAYSCALE,1
1192,984,1,GRAYSCALE,1
1192,992,1,GRAYSCALE,1
1196,974,1,GRAYSCALE,1
1198,1032,1,GRAYSCALE,1
1198,654,1,GRAYSCALE,1
1198,701,1,GRAYSCALE,1
1198,874,1,GRAYSCALE,1
1198,897,1,GRAYSCALE,1
1198,931,1,GRAYSCALE,1
1198,978,1,GRAYSCALE,1
1198,990,1,GRAYSCALE,1
1200,1008,1,GRAYSCALE,1
1200,1024,1,GRAYSCALE,1
1200,552,1,GRAYSCALE,1
1200,680,1,GRAYSCALE,1
1200,752,1,GRAYSCALE,1
1200,784,1,GRAYSCALE,2
1200,800,1,GRAYSCALE,1
1200,808,1,GRAYSCALE,2
1200,816,1,GRAYSCALE,1
1200,824,1,GRAYSCALE,1
1200,840,1,GRAYSCALE,2
1200,856,1,GRAYSCALE,1
1200,864,1,GRAYSCALE,1
1200,872,1,GRAYSCALE,1
1200,928,1,GRAYSCALE,1
1200,944,1,GRAYSCALE,2
1200,952,1,GRAYSCALE,1
1200,960,1,GRAYSCALE,1
1202,643,1,GRAYSCALE,1
1202,704,1,GRAYSCALE,1
1202,743,1,GRAYSCALE,1
1202,808,1,GRAYSCALE,1
1202,882,1,GRAYSCALE,1
1202,986,1,GRAYSCALE,1
1206,848,1,GRAYSCALE,1
1206,871,1,GRAYSCALE,1
1206,875,1,GRAYSCALE,1
1206,878,1,GRAYSCALE,1
1206,940,1,GRAYSCALE,1
1206,978,1,GRAYSCALE,1
1208,1104,1,GRAYSCALE,1
1208,1120,1,GRAYSCALE,1
1208,640,1,GRAYSCALE,1
1208,656,1,GRAYSCALE,1
1208,672,1,GRAYSCALE,1
1208,688,1,GRAYSCALE,1
1208,696,1,GRAYSCALE,1
1208,704,1,GRAYSCALE,1
1208,720,1,GRAYSCALE,1
1208,728,1,GRAYSCALE,2
1208,768,1,GRAYSCALE,1
1208,776,1,GRAYSCALE,2
1208,792,1,GRAYSCALE,1
1208,808,1,GRAYSCALE,1
1208,824,1,GRAYSCALE,1
1208,848,1,GRAYSCALE,1
1208,856,1,GRAYSCALE,3
1208,864,1,GRAYSCALE,1
1208,896,1,GRAYSCALE,1
1208,920,1,GRAYSCALE,2
1208,944,1,GRAYSCALE,1
1208,952,1,GRAYSCALE,1
1208,984,1,GRAYSCALE,1
1210,1017,1,GRAYSCALE,1
1210,817,1,GRAYSCALE,1
1210,859,1,GRAYSCALE,1
1210,886,1,GRAYSCALE,1
1210,948,1,GRAYSCALE,1
1214,1069,1,GRAYSCALE,1
1214,1106,1,GRAYSCALE,1
1214,662,1,GRAYSCALE,1
1214,731,1,GRAYSCALE,1
1214,739,1,GRAYSCALE,1
1214,851,1,GRAYSCALE,1
1214,937,1,GRAYSCALE,1
1214,994,1,GRAYSCALE,1
1216,1000,1,GRAYSCALE,1
1216,1008,1,GRAYSCALE,1
1216,1032,1,GRAYSCALE,1
1216,1040,1,GRAYSCALE,1
1216,1152,1,GRAYSCALE,1
1216,584,1,GRAYSCALE,1
1216,672,1,GRAYSCALE,3
1216,680,1,GRAYSCALE,1
1216,712,1,GRAYSCALE,1
1216,720,1,GRAYSCALE,2
1216,728,1,GRAYSCALE,3
1216,736,1,GRAYSCALE,1
1216,744,1,GRAYSCALE,2
1216,752,1,GRAYSCALE,1
1216,760,1,GRAYSCALE,1
1216,768,1,GRAYSCALE,2
1216,792,1,GRAYSCALE,2
1216,800,1,GRAYSCALE,1
1216,816,1,GRAYSCALE,1
1216,824,1,GRAYSCALE,1
1216,832,1,GRAYSCALE,1
1216,856,1,GRAYSCALE,2
1216,864,1,GRAYSCALE,1
1216,872,1,GRAYSCALE,6
1216,880,1,GRAYSCALE,2
1216,920,1,GRAYSCALE,1
1216,928,1,GRAYSCALE,1
1216,936,1,GRAYSCALE,2
1216,944,1,GRAYSCALE,2
1216,960,1,GRAYSCALE,1
1216,984,1,GRAYSCALE,1
1218,1032,1,GRAYSCALE,1
1218,1041,1,GRAYSCALE,1
1218,739,1,GRAYSCALE,1
1218,767,1,GRAYSCALE,1
1218,789,1,GRAYSCALE,1
1218,808,1,GRAYSCALE,1
1218,840,1,GRAYSCALE,1
1221,793,1,GRAYSCALE,1
1222,782,1,GRAYSCALE,1
1222,878,1,GRAYSCALE,1
1222,886,1,GRAYSCALE,1
1222,970,1,GRAYSCALE,1
1224,1000,1,GRAYSCALE,1
1224,1008,1,GRAYSCALE,2
1224,1072,1,GRAYSCALE,1
1224,584,1,GRAYSCALE,1
1224,632,1,GRAYSCALE,1
1224,656,1,GRAYSCALE,3
1224,672,1,GRAYSCALE,1
1224,680,1,GRAYSCALE,1
1224,688,1,GRAYSCALE,1
1224,704,1,GRAYSCALE,1
1224,712,1,GRAYSCALE,1
1224,720,1,GRAYSCALE,1
1224,736,1,GRAYSCALE,1
1224,744,1,GRAYSCALE,1
1224,768,1,GRAYSCALE,2
1224,776,1,GRAYSCALE,2
1224,784,1,GRAYSCALE,1
1224,792,1,GRAYSCALE,1
1224,816,1,GRAYSCALE,1
1224,824,1,GRAYSCALE,1
1224,848,1,GRAYSCALE,2
1224,856,1,GRAYSCALE,1
1224,872,1,GRAYSCALE,1
1224,880,1,GRAYSCALE,1
1224,888,1,GRAYSCALE,2
1224,896,1,GRAYSCALE,1
1224,904,1,GRAYSCALE,1
1224,928,1,GRAYSCALE,1
1224,952,1,GRAYSCALE,1
1224,976,1,GRAYSCALE,1
1224,992,1,GRAYSCALE,1
1226,624,1,GRAYSCALE,1
1226,655,1,GRAYSCALE,1
1226,747,1,GRAYSCALE,1
1226,882,1,GRAYSCALE,1
1226,955,1,GRAYSCALE,1
1230,1136,1,GRAYSCALE,1
1230,840,1,GRAYSCALE,1
1230,936,1,GRAYSCALE,1
1230,993,1,GRAYSCALE,1
1232,1000,1,GRAYSCALE,1
1232,1088,1,GRAYSCALE,1
1232,1096,1,GRAYSCALE,1
1232,624,1,GRAYSCALE,1
1232,680,1,GRAYSCALE,1
1232,688,1,GRAYSCALE,1
1232,704,1,GRAYSCALE,2
1232,712,1,GRAYSCALE,1
1232,720,1,GRAYSCALE,1
1232,728,1,GRAYSCALE,1
1232,744,1,GRAYSCALE,1
1232,768,1,GRAYSCALE,2
1232,776,1,GRAYSCALE,1
1232,792,1,GRAYSCALE,1
1232,800,1,GRAYSCALE,1
1232,808,1,GRAYSCALE,3
1232,816,1,GRAYSCALE,1
1232,824,1,GRAYSCALE,3
1232,832,1,GRAYSCALE,1
1232,848,1,GRAYSCALE,1
1232,864,1,GRAYSCALE,3
1232,880,1,GRAYSCALE,1
1232,886,1,GRAYSCALE,1
1232,888,1,GRAYSCALE,2
1232,904,1,GRAYSCALE,2
1232,952,1,GRAYSCALE,3
1232,968,1,GRAYSCALE,1
1232,976,1,GRAYSCALE,1
1232,984,1,GRAYSCALE,1
1234,778,1,GRAYSCALE,1
1234,782,1,GRAYSCALE,1
1234,813,1,GRAYSCALE,1
1234,906,1,GRAYSCALE,1
1236,1013,1,GRAYSCALE,1
1236,709,1,GRAYSCALE,1
1238,635,1,GRAYSCALE,1
1238,874,1,GRAYSCALE,1
1240,1008,1,GRAYSCALE,1
1240,1048,1,GRAYSCALE,2
1240,1064,1,GRAYSCALE,1
1240,1072,1,GRAYSCALE,1
1240,1104,1,GRAYSCALE,1
1240,1256,1,GRAYSCALE,1
1240,552,1,GRAYSCALE,1
1240,600,1,GRAYSCALE,1
1240,696,1,GRAYSCALE,1
1240,720,1,GRAYSCALE,2
1240,728,1,GRAYSCALE,2
1240,744,1,GRAYSCALE,1
1240,752,1,GRAYSCALE,1
1240,760,1,GRAYSCALE,1
1240,776,1,GRAYSCALE,1
1240,784,1,GRAYSCALE,2
1240,792,1,GRAYSCALE,1
1240,800,1,GRAYSCALE,2
1240,824,1,GRAYSCALE,1
1240,832,1,GRAYSCALE,1
1240,840,1,GRAYSCALE,1
1240,848,1,GRAYSCALE,3
1240,880,1,GRAYSCALE,1
1240,904,1,GRAYSCALE,2
1240,912,1,GRAYSCALE,1
1240,920,1,GRAYSCALE,1
1240,925,1,GRAYSCALE,1
1240,928,1,GRAYSCALE,2
1240,932,1,GRAYSCALE,1
1240,936,1,GRAYSCALE,1
1240,952,1,GRAYSCALE,1
1240,960,1,GRAYSCALE,1
1240,968,1,GRAYSCALE,1
1242,1083,1,GRAYSCALE,1
1242,867,1,GRAYSCALE,1
1242,940,1,GRAYSCALE,1
1244,1005,1,GRAYSCALE,1
1244,1097,1,GRAYSCALE,1
1244,658,1,GRAYSCALE,1
1244,755,1,GRAYSCALE,1
1244,863,1,GRAYSCALE,1
1244,959,1,GRAYSCALE,1
1246,931,1,GRAYSCALE,1
1246,951,1,GRAYSCALE,1
1246,998,1,GRAYSCALE,1
1248,1016,1,GRAYSCALE,1
1248,1044,1,GRAYSCALE,1
1248,1048,1,GRAYSCALE,1
1248,1056,1,GRAYSCALE,1
1248,1064,1,GRAYSCALE,1
1248,1136,1,GRAYSCALE,1
1248,1152,1,GRAYSCALE,1
1248,616,1,GRAYSCALE,1
1248,664,1,GRAYSCALE,1
1248,680,1,GRAYSCALE,1
1248,688,1,GRAYSCALE,3
1248,712,1,GRAYSCALE,2
1248,728,1,GRAYSCALE,2
1248,736,1,GRAYSCALE,1
1248,744,1,GRAYSCALE,1
1248,760,1,GRAYSCALE,1
1248,766,1,GRAYSCALE,1
1248,768,1,GRAYSCALE,1
1248,776,1,GRAYSCALE,1
1248,784,1,GRAYSCALE,1
1248,792,1,GRAYSCALE,1
1248,808,1,GRAYSCALE,1
1248,816,1,GRAYSCALE,3
1248,824,1,GRAYSCALE,3
1248,832,1,GRAYSCALE,2
1248,840,1,GRAYSCALE,2
1248,848,1,GRAYSCALE,1
1248,856,1,GRAYSCALE,2
1248,880,1,GRAYSCALE,3
1248,896,1,GRAYSCALE,2
1248,904,1,GRAYSCALE,2
1248,936,1,GRAYSCALE,2
1248,944,1,GRAYSCALE,1
1248,976,1,GRAYSCALE,1
1252,1028,1,GRAYSCALE,1
1252,1044,1,GRAYSCALE,1
1252,990,1,GRAYSCALE,1
1255,883,1,GRAYSCALE,1
1256,1016,1,GRAYSCALE,1
1256,1032,1,GRAYSCALE,2
1256,1072,1,GRAYSCALE,1
1256,1097,1,GRAYSCALE,1
1256,680,1,GRAYSCALE,1
1256,696,1,GRAYSCALE,2
1256,720,1,GRAYSCALE,2
1256,728,1,GRAYSCALE,1
1256,752,1,GRAYSCALE,1
1256,767,1,GRAYSCALE,1
1256,768,1,GRAYSCALE,1
1256,776,1,GRAYSCALE,1
1256,784,1,GRAYSCALE,2
1256,792,1,GRAYSCALE,2
1256,808,1,GRAYSCALE,1
1256,813,1,GRAYSCALE,1
1256,816,1,GRAYSCALE,1
1256,824,1,GRAYSCALE,1
1256,840,1,GRAYSCALE,3
1256,848,1,GRAYSCALE,1
1256,856,1,GRAYSCALE,2
1256,864,1,GRAYSCALE,2
1256,872,1,GRAYSCALE,2
1256,880,1,GRAYSCALE,2
1256,888,1,GRAYSCALE,1
1256,904,1,GRAYSCALE,1
1256,932,1,GRAYSCALE,1
1256,960,1,GRAYSCALE,2
1256,976,1,GRAYSCALE,1
1256,984,1,GRAYSCALE,1
1260,1029,1,GRAYSCALE,1
1260,767,1,GRAYSCALE,1
1260,770,1,GRAYSCALE,1
1260,816,1,GRAYSCALE,1
1260,843,1,GRAYSCALE,1
1260,863,1,GRAYSCALE,1
1260,948,1,GRAYSCALE,1
1260,971,1,GRAYSCALE,2
1262,849,1,GRAYSCALE,1
1264,1016,1,GRAYSCALE,1
1264,1071,1,GRAYSCALE,1
1264,1072,1,GRAYSCALE,1
1264,1152,1,GRAYSCALE,1
1264,1248,1,GRAYSCALE,1
1264,672,1,GRAYSCALE,1
1264,688,1,GRAYSCALE,1
1264,704,1,GRAYSCALE,2
1264,712,1,GRAYSCALE,1
1264,744,1,GRAYSCALE,1
1264,760,1,GRAYSCALE,1
1264,792,1,GRAYSCALE,1
1264,800,1,GRAYSCALE,1
1264,808,1,GRAYSCALE,1
1264,824,1,GRAYSCALE,1
1264,832,1,GRAYSCALE,2
1264,840,1,GRAYSCALE,1
1264,848,1,GRAYSCALE,1
1264,856,1,GRAYSCALE,2
1264,864,1,GRAYSCALE,1
1264,880,1,GRAYSCALE,1
1264,888,1,GRAYSCALE,1
1264,896,1,GRAYSCALE,2
1264,904,1,GRAYSCALE,2
1264,920,1,GRAYSCALE,1
1264,928,1,GRAYSCALE,1
1264,936,1,GRAYSCALE,1
1264,950,1,GRAYSCALE,1
1264,984,1,GRAYSCALE,2
1266,1044,1,GRAYSCALE,1
1268,1017,1,GRAYSCALE,1
1268,816,1,GRAYSCALE,1
1268,883,1,GRAYSCALE,1
1268,885,1,GRAYSCALE,1
1268,900,1,GRAYSCALE,1
1268,924,1,GRAYSCALE,2
1268,959,1,GRAYSCALE,2
1272,1017,1,GRAYSCALE,1
1272,1032,1,GRAYSCALE,1
1272,1040,1,GRAYSCALE,2
1272,1048,1,GRAYSCALE,1
1272,1075,1,GRAYSCALE,1
1272,1080,1,GRAYSCALE,1
1272,1128,1,GRAYSCALE,1
1272,1144,1,GRAYSCALE,1
1272,1145,1,GRAYSCALE,1
1272,592,1,GRAYSCALE,1
1272,664,1,GRAYSCALE,2
1272,712,1,GRAYSCALE,1
1272,728,1,GRAYSCALE,1
1272,736,1,GRAYSCALE,1
1272,752,1,GRAYSCALE,2
1272,760,1,GRAYSCALE,1
1272,776,1,GRAYSCALE,1
1272,784,1,GRAYSCALE,1
1272,792,1,GRAYSCALE,2
1272,808,1,GRAYSCALE,1
1272,813,1,GRAYSCALE,1
1272,816,1,GRAYSCALE,1
1272,824,1,GRAYSCALE,1
1272,825,1,GRAYSCALE,1
1272,840,1,GRAYSCALE,1
1272,848,1,GRAYSCALE,1
1272,872,1,GRAYSCALE,1
1272,882,1,GRAYSCALE,1
1272,896,1,GRAYSCALE,2
1272,912,1,GRAYSCALE,1
1272,920,1,GRAYSCALE,1
1272,928,1,GRAYSCALE,1
1272,936,1,GRAYSCALE,2
1272,952,1,GRAYSCALE,3
1272,984,1,GRAYSCALE,1
1272,992,1,GRAYSCALE,1
1272,994,1,GRAYSCALE,1
1276,1036,1,GRAYSCALE,1
1276,1059,1,GRAYSCALE,1
1276,1110,1,GRAYSCALE,1
1276,767,1,GRAYSCALE,1
1276,801,1,GRAYSCALE,1
1276,917,1,GRAYSCALE,1
1276,947,1,GRAYSCALE,1
1280,1000,1,GRAYSCALE,1
1280,1016,1,GRAYSCALE,2
1280,1032,1,GRAYSCALE,1
1280,1088,1,GRAYSCALE,1
1280,712,1,GRAYSCALE,1
1280,736,1,GRAYSCALE,1
1280,751,1,GRAYSCALE,1
1280,752,1,GRAYSCALE,1
1280,760,1,GRAYSCALE,1
1280,768,1,GRAYSCALE,2
1280,771,1,GRAYSCALE,1
1280,784,1,GRAYSCALE,1
1280,792,1,GRAYSCALE,2
1280,808,1,GRAYSCALE,1
1280,848,1,GRAYSCALE,2
1280,851,1,GRAYSCALE,1
1280,856,1,GRAYSCALE,2
1280,863,1,GRAYSCALE,1
1280,872,1,GRAYSCALE,2
1280,896,1,GRAYSCALE,1
1280,904,1,GRAYSCALE,1
1280,905,1,GRAYSCALE,1
1280,909,1,GRAYSCALE,1
1280,920,1,GRAYSCALE,2
1280,963,1,GRAYSCALE,1
1280,968,1,GRAYSCALE,1
1280,984,1,GRAYSCALE,2
1282,747,1,GRAYSCALE,1
1284,1013,1,GRAYSCALE,2
1284,1020,1,GRAYSCALE,1
1284,1076,1,GRAYSCALE,1
1284,1078,1,GRAYSCALE,1
1284,1086,1,GRAYSCALE,1
1284,762,1,GRAYSCALE,1
1284,832,1,GRAYSCALE,1
1284,878,1,GRAYSCALE,1
1284,893,1,GRAYSCALE,1
1287,653,3,RGB,1
1288,1008,1,GRAYSCALE,1
1288,1080,1,GRAYSCALE,1
1288,656,1,GRAYSCALE,1
1288,712,1,GRAYSCALE,1
1288,728,1,GRAYSCALE,2
1288,736,1,GRAYSCALE,1
1288,744,1,GRAYSCALE,1
1288,760,1,GRAYSCALE,1
1288,768,1,GRAYSCALE,3
1288,776,1,GRAYSCALE,1
1288,784,1,GRAYSCALE,1
1288,792,1,GRAYSCALE,1
1288,800,1,GRAYSCALE,1
1288,816,1,GRAYSCALE,1
1288,824,1,GRAYSCALE,2
1288,840,1,GRAYSCALE,2
1288,848,1,GRAYSCALE,2
1288,851,1,GRAYSCALE,1
1288,880,1,GRAYSCALE,1
1288,888,1,GRAYSCALE,1
1288,896,1,GRAYSCALE,1
1288,917,1,GRAYSCALE,1
1288,920,1,GRAYSCALE,1
1288,928,1,GRAYSCALE,1
1288,944,1,GRAYSCALE,2
1288,952,1,GRAYSCALE,1
1288,968,1,GRAYSCALE,1
1288,976,1,GRAYSCALE,2
1288,984,1,GRAYSCALE,1
1289,1253,1,GRAYSCALE,1
1290,809,1,GRAYSCALE,1
1292,1014,1,GRAYSCALE,1
1292,1076,1,GRAYSCALE,1
1292,1225,1,GRAYSCALE,1
1292,751,1,GRAYSCALE,1
1292,867,1,GRAYSCALE,1
1292,885,1,GRAYSCALE,1
1292,936,1,GRAYSCALE,1
1294,1018,1,GRAYSCALE,1
1294,1052,1,GRAYSCALE,1
1294,1138,1,GRAYSCALE,1
1294,902,1,GRAYSCALE,1
1294,959,1,GRAYSCALE,1
1296,1000,1,GRAYSCALE,2
1296,1036,1,GRAYSCALE,1
1296,1040,1,GRAYSCALE,1
1296,1048,1,GRAYSCALE,1
1296,1052,1,GRAYSCALE,1
1296,1072,1,GRAYSCALE,1
1296,1074,1,GRAYSCALE,1
1296,1082,1,GRAYSCALE,1
1296,1120,1,GRAYSCALE,1
1296,1200,1,GRAYSCALE,1
1296,696,1,GRAYSCALE,2
1296,728,1,GRAYSCALE,1
1296,760,1,GRAYSCALE,1
1296,784,1,GRAYSCALE,1
1296,800,1,GRAYSCALE,1
1296,816,1,GRAYSCALE,1
1296,824,1,GRAYSCALE,1
1296,832,1,GRAYSCALE,2
1296,844,1,GRAYSCALE,1
1296,847,1,GRAYSCALE,1
1296,848,1,GRAYSCALE,2
1296,864,1,GRAYSCALE,1
1296,872,1,GRAYSCALE,2
1296,880,1,GRAYSCALE,1
1296,888,1,GRAYSCALE,3
1296,896,1,GRAYSCALE,1
1296,904,1,GRAYSCALE,1
1296,920,1,GRAYSCALE,1
1296,928,1,GRAYSCALE,1
1296,944,1,GRAYSCALE,1
1296,968,1,GRAYSCALE,1
1298,747,1,GRAYSCALE,1
1298,763,1,GRAYSCALE,1
1298,812,1,GRAYSCALE,1
1298,921,1,GRAYSCALE,1
1298,959,1,GRAYSCALE,1
1298,971,1,GRAYSCALE,1
1300,1051,1,GRAYSCALE,1
1300,617,1,GRAYSCALE,1
1300,812,1,GRAYSCALE,1
1300,821,1,GRAYSCALE,1
1300,890,1,GRAYSCALE,1
1300,928,1,GRAYSCALE,1
1300,974,1,GRAYSCALE,1
1302,1187,1,GRAYSCALE,1
1302,867,1,GRAYSCALE,1
1302,927,1,GRAYSCALE,1
1302,958,1,GRAYSCALE,1
1302,970,1,GRAYSCALE,1
1304,1024,1,GRAYSCALE,2
1304,1028,1,GRAYSCALE,1
1304,1048,1,GRAYSCALE,1
1304,1097,1,GRAYSCALE,1
1304,1224,1,GRAYSCALE,1
1304,1408,1,GRAYSCALE,1
1304,712,1,GRAYSCALE,2
1304,736,1,GRAYSCALE,1
1304,744,1,GRAYSCALE,1
1304,760,1,GRAYSCALE,1
1304,768,1,GRAYSCALE,1
1304,789,1,GRAYSCALE,1
1304,800,1,GRAYSCALE,1
1304,816,1,GRAYSCALE,2
1304,824,1,GRAYSCALE,2
1304,832,1,GRAYSCALE,2
1304,848,1,GRAYSCALE,1
1304,864,1,GRAYSCALE,1
1304,872,1,GRAYSCALE,1
1304,880,1,GRAYSCALE,1
1304,896,1,GRAYSCALE,1
1304,936,1,GRAYSCALE,1
1304,952,1,GRAYSCALE,3
1304,960,1,GRAYSCALE,1
1304,968,1,GRAYSCALE,5
1304,984,1,GRAYSCALE,1
1306,1006,1,GRAYSCALE,1
1306,1047,1,GRAYSCALE,1
1306,762,1,GRAYSCALE,1
1306,821,1,GRAYSCALE,1
1306,844,1,GRAYSCALE,1
1306,920,1,GRAYSCALE,1
1306,994,1,GRAYSCALE,2
1310,1029,1,GRAYSCALE,1
1310,1071,1,GRAYSCALE,1
1310,1102,1,GRAYSCALE,1
1310,1136,1,GRAYSCALE,1
1310,1148,1,GRAYSCALE,1
1310,1306,1,GRAYSCALE,1
1310,786,1,GRAYSCALE,1
1310,797,1,GRAYSCALE,1
1310,844,1,GRAYSCALE,1
1310,882,1,GRAYSCALE,1
1310,928,1,GRAYSCALE,1
1310,951,1,GRAYSCALE,1
1312,1000,1,GRAYSCALE,1
1312,1024,1,GRAYSCALE,2
1312,1056,1,GRAYSCALE,1
1312,1112,1,GRAYSCALE,2
1312,1144,1,GRAYSCALE,1
1312,648,1,GRAYSCALE,1
1312,696,1,GRAYSCALE,1
1312,712,1,GRAYSCALE,1
1312,752,1,GRAYSCALE,1
1312,776,1,GRAYSCALE,1
1312,792,1,GRAYSCALE,2
1312,800,1,GRAYSCALE,3
1312,816,1,GRAYSCALE,2
1312,824,1,GRAYSCALE,3
1312,832,1,GRAYSCALE,1
1312,840,1,GRAYSCALE,1
1312,848,1,GRAYSCALE,1
1312,856,1,GRAYSCALE,1
1312,864,1,GRAYSCALE,1
1312,872,1,GRAYSCALE,1
1312,888,1,GRAYSCALE,2
1312,912,1,GRAYSCALE,1
1312,920,1,GRAYSCALE,1
1312,928,1,GRAYSCALE,2
1312,936,1,GRAYSCALE,1
1312,960,1,GRAYSCALE,1
1312,976,1,GRAYSCALE,1
1314,1145,1,GRAYSCALE,1
1314,1171,1,GRAYSCALE,1
1314,940,1,GRAYSCALE,1
1316,1067,1,GRAYSCALE,1
1318,1067,1,GRAYSCALE,1
1318,1082,1,GRAYSCALE,1
1318,820,1,GRAYSCALE,1
1318,936,1,GRAYSCALE,1
1318,951,1,GRAYSCALE,1
1320,1000,1,GRAYSCALE,3
1320,1008,1,GRAYSCALE,1
1320,1016,1,GRAYSCALE,3
1320,1032,1,GRAYSCALE,1
1320,1040,1,GRAYSCALE,1
1320,1048,1,GRAYSCALE,1
1320,1056,1,GRAYSCALE,1
1320,1208,1,GRAYSCALE,1
1320,1240,1,GRAYSCALE,1
1320,688,1,GRAYSCALE,1
1320,736,1,GRAYSCALE,1
1320,752,1,GRAYSCALE,1
1320,768,1,GRAYSCALE,3
1320,776,1,GRAYSCALE,1
1320,792,1,GRAYSCALE,1
1320,800,1,GRAYSCALE,1
1320,808,1,GRAYSCALE,1
1320,816,1,GRAYSCALE,1
1320,824,1,GRAYSCALE,1
1320,840,1,GRAYSCALE,1
1320,856,1,GRAYSCALE,2
1320,896,1,GRAYSCALE,1
1320,904,1,GRAYSCALE,1
1320,936,1,GRAYSCALE,1
1320,944,1,GRAYSCALE,1
1320,960,1,GRAYSCALE,1
1320,976,1,GRAYSCALE,1
1320,984,1,GRAYSCALE,2
1320,992,1,GRAYSCALE,1
1322,1018,1,GRAYSCALE,1
1322,1037,1,GRAYSCALE,1
1322,1125,1,GRAYSCALE,1
1322,1128,1,GRAYSCALE,1
1322,650,1,GRAYSCALE,1
1322,736,1,GRAYSCALE,1
1322,890,1,GRAYSCALE,1
1322,978,1,GRAYSCALE,1
1326,875,1,GRAYSCALE,1
1328,1000,1,GRAYSCALE,1
1328,1024,1,GRAYSCALE,1
1328,1040,1,GRAYSCALE,1
1328,1064,1,GRAYSCALE,1
1328,1104,1,GRAYSCALE,2
1328,1120,1,GRAYSCALE,1
1328,1136,1,GRAYSCALE,1
1328,1152,1,GRAYSCALE,1
1328,1160,1,GRAYSCALE,1
1328,1192,1,GRAYSCALE,1
1328,1224,1,GRAYSCALE,1
1328,1368,1,GRAYSCALE,1
1328,712,1,GRAYSCALE,1
1328,736,1,GRAYSCALE,1
1328,768,1,GRAYSCALE,1
1328,784,1,GRAYSCALE,1
1328,792,1,GRAYSCALE,1
1328,800,1,GRAYSCALE,1
1328,856,1,GRAYSCALE,2
1328,864,1,GRAYSCALE,1
1328,872,1,GRAYSCALE,1
1328,888,1,GRAYSCALE,2
1328,912,1,GRAYSCALE,1
1328,920,1,GRAYSCALE,1
1328,928,1,GRAYSCALE,3
1328,936,1,GRAYSCALE,2
1328,952,1,GRAYSCALE,1
1328,968,1,GRAYSCALE,3
1328,976,1,GRAYSCALE,2
1328,984,1,GRAYSCALE,2
1329,810,1,GRAYSCALE,1
1330,1132,1,GRAYSCALE,1
1330,1133,1,GRAYSCALE,1
1330,797,1,GRAYSCALE,1
1330,844,1,GRAYSCALE,1
1330,855,1,GRAYSCALE,1
1330,936,1,GRAYSCALE,1
1334,1006,1,GRAYSCALE,1
1334,1075,1,GRAYSCALE,1
1334,1102,1,GRAYSCALE,1
1334,1171,1,GRAYSCALE,1
1334,785,1,GRAYSCALE,1
1334,994,1,GRAYSCALE,1
1336,1024,1,GRAYSCALE,2
1336,1032,1,GRAYSCALE,1
1336,1040,1,GRAYSCALE,1
1336,1056,1,GRAYSCALE,3
1336,1064,1,GRAYSCALE,1
1336,1080,1,GRAYSCALE,1
1336,1128,1,GRAYSCALE,1
1336,1256,1,GRAYSCALE,1
1336,728,1,GRAYSCALE,1
1336,744,1,GRAYSCALE,2
1336,752,1,GRAYSCALE,1
1336,768,1,GRAYSCALE,1
1336,784,1,GRAYSCALE,1
1336,808,1,GRAYSCALE,1
1336,816,1,GRAYSCALE,2
1336,824,1,GRAYSCALE,2
1336,832,1,GRAYSCALE,1
1336,840,1,GRAYSCALE,1
1336,848,1,GRAYSCALE,1
1336,864,1,GRAYSCALE,2
1336,880,1,GRAYSCALE,1
1336,888,1,GRAYSCALE,1
1336,896,1,GRAYSCALE,1
1336,904,1,GRAYSCALE,1
1336,912,1,GRAYSCALE,1
1336,928,1,GRAYSCALE,1
1336,936,1,GRAYSCALE,3
1336,944,1,GRAYSCALE,1
1336,992,1,GRAYSCALE,2
1338,1044,1,GRAYSCALE,2
1338,1079,1,GRAYSCALE,1
1338,1102,1,GRAYSCALE,1
1338,1194,1,GRAYSCALE,1
1338,1433,1,GRAYSCALE,1
1338,851,1,GRAYSCALE,1
1338,967,1,GRAYSCALE,1
1340,917,1,GRAYSCALE,1
1342,1059,1,GRAYSCALE,1
1342,1110,1,GRAYSCALE,1
1342,951,1,GRAYSCALE,1
1344,1032,1,GRAYSCALE,1
1344,1040,1,GRAYSCALE,1
1344,1072,1,GRAYSCALE,2
1344,1120,1,GRAYSCALE,1
1344,1128,1,GRAYSCALE,1
1344,1152,1,GRAYSCALE,1
1344,1216,1,GRAYSCALE,1
1344,600,1,GRAYSCALE,1
1344,712,1,GRAYSCALE,1
1344,784,1,GRAYSCALE,1
1344,792,1,GRAYSCALE,1
1344,824,1,GRAYSCALE,2
1344,848,1,GRAYSCALE,1
1344,856,1,GRAYSCALE,1
1344,864,1,GRAYSCALE,1
1344,880,1,GRAYSCALE,1
1344,888,1,GRAYSCALE,1
1344,912,1,GRAYSCALE,1
1344,920,1,GRAYSCALE,1
1344,968,1,GRAYSCALE,1
1346,1024,1,GRAYSCALE,1
1346,1040,1,GRAYSCALE,1
1346,1044,1,GRAYSCALE,1
1346,1109,1,GRAYSCALE,1
1346,902,1,GRAYSCALE,1
1348,1028,1,GRAYSCALE,1
1348,779,1,GRAYSCALE,1
1348,812,1,GRAYSCALE,1
1348,979,1,GRAYSCALE,1
1348,995,1,GRAYSCALE,1
1350,1045,1,GRAYSCALE,1
1350,1062,1,GRAYSCALE,1
1350,1090,1,GRAYSCALE,1
1350,1152,1,GRAYSCALE,1
1350,855,1,GRAYSCALE,1
1350,936,1,GRAYSCALE,1
1352,1064,1,GRAYSCALE,1
1352,1072,1,GRAYSCALE,1
1352,1080,1,GRAYSCALE,1
1352,1088,1,GRAYSCALE,1
1352,680,1,GRAYSCALE,1
1352,792,1,GRAYSCALE,2
1352,800,1,GRAYSCALE,1
1352,816,1,GRAYSCALE,1
1352,817,1,GRAYSCALE,2
1352,824,1,GRAYSCALE,1
1352,840,1,GRAYSCALE,2
1352,864,1,GRAYSCALE,1
1352,880,1,GRAYSCALE,2
1352,890,1,GRAYSCALE,1
1352,928,1,GRAYSCALE,1
1352,936,1,GRAYSCALE,1
1352,944,1,GRAYSCALE,1
1352,948,1,GRAYSCALE,1
1352,960,1,GRAYSCALE,2
1352,968,1,GRAYSCALE,2
1352,992,1,GRAYSCALE,1
1353,835,1,GRAYSCALE,1
1354,1024,1,GRAYSCALE,1
1354,1078,1,GRAYSCALE,1
1354,759,1,GRAYSCALE,1
1356,805,1,GRAYSCALE,1
1358,870,1,GRAYSCALE,1
1360,1000,1,GRAYSCALE,1
1360,1016,1,GRAYSCALE,1
1360,1024,1,GRAYSCALE,1
1360,1040,1,GRAYSCALE,1
1360,1048,1,GRAYSCALE,1
1360,1080,1,GRAYSCALE,1
1360,1097,1,GRAYSCALE,1
1360,1128,1,GRAYSCALE,1
1360,1167,1,GRAYSCALE,1
1360,1191,1,GRAYSCALE,1
1360,1208,1,GRAYSCALE,1
1360,1261,1,GRAYSCALE,1
1360,1296,1,GRAYSCALE,1
1360,1341,1,GRAYSCALE,1
1360,768,1,GRAYSCALE,1
1360,776,1,GRAYSCALE,1
1360,784,1,GRAYSCALE,1
1360,816,1,GRAYSCALE,3
1360,832,1,GRAYSCALE,1
1360,848,1,GRAYSCALE,1
1360,856,1,GRAYSCALE,1
1360,864,1,GRAYSCALE,1
1360,888,1,GRAYSCALE,1
1360,920,1,GRAYSCALE,3
1360,928,1,GRAYSCALE,1
1360,936,1,GRAYSCALE,1
1360,952,1,GRAYSCALE,2
1360,968,1,GRAYSCALE,1
1360,984,1,GRAYSCALE,1
1362,1093,1,GRAYSCALE,1
1362,844,1,GRAYSCALE,1
1364,1051,1,GRAYSCALE,1
1364,1067,1,GRAYSCALE,1
1364,1090,1,GRAYSCALE,1
1364,1114,1,GRAYSCALE,1
1364,1136,1,GRAYSCALE,1
1364,1148,1,GRAYSCALE,2
1364,1179,1,GRAYSCALE,1
1364,1242,1,GRAYSCALE,1
1364,1456,1,GRAYSCALE,1
1364,805,1,GRAYSCALE,1
1364,998,1,GRAYSCALE,1
1365,1118,1,GRAYSCALE,1
1366,1044,1,GRAYSCALE,1
1368,1002,1,GRAYSCALE,1
1368,1009,1,GRAYSCALE,1
1368,1032,1,GRAYSCALE,2
1368,1044,1,GRAYSCALE,1
1368,1048,1,GRAYSCALE,1
1368,1064,1,GRAYSCALE,1
1368,1078,1,GRAYSCALE,1
1368,1079,1,GRAYSCALE,1
1368,1120,1,GRAYSCALE,2
1368,1141,1,GRAYSCALE,1
1368,1151,1,GRAYSCALE,1
1368,1208,1,GRAYSCALE,1
1368,760,1,GRAYSCALE,1
1368,768,1,GRAYSCALE,1
1368,840,1,GRAYSCALE,1
1368,872,1,GRAYSCALE,1
1368,888,1,GRAYSCALE,1
1368,904,1,GRAYSCALE,3
1368,912,1,GRAYSCALE,2
1368,928,1,GRAYSCALE,3
1368,936,1,GRAYSCALE,1
1368,944,1,GRAYSCALE,2
1368,984,1,GRAYSCALE,1
1368,992,1,GRAYSCALE,2
1372,1005,1,GRAYSCALE,1
1372,1047,1,GRAYSCALE,1
1372,1070,1,GRAYSCALE,1
1372,1074,1,GRAYSCALE,1
1372,1109,1,GRAYSCALE,1
1372,1164,1,GRAYSCALE,1
1372,817,1,GRAYSCALE,1
1372,897,1,GRAYSCALE,1
1372,948,1,GRAYSCALE,1
1376,1024,1,GRAYSCALE,1
1376,1040,1,GRAYSCALE,1
1376,1048,1,GRAYSCALE,3
1376,1051,1,GRAYSCALE,1
1376,1080,1,GRAYSCALE,1
1376,1105,1,GRAYSCALE,1
1376,1120,1,GRAYSCALE,1
1376,1208,1,GRAYSCALE,1
1376,1210,1,GRAYSCALE,1
1376,1229,1,GRAYSCALE,1
1376,656,1,GRAYSCALE,1
1376,752,1,GRAYSCALE,1
1376,792,1,GRAYSCALE,1
1376,800,1,GRAYSCALE,2
1376,824,1,GRAYSCALE,1
1376,832,1,GRAYSCALE,1
1376,912,1,GRAYSCALE,1
1376,936,1,GRAYSCALE,3
1376,952,1,GRAYSCALE,2
1376,967,1,GRAYSCALE,1
1376,968,1,GRAYSCALE,2
1376,999,1,GRAYSCALE,1
1380,1040,1,GRAYSCALE,1
1380,801,1,GRAYSCALE,1
1380,844,1,GRAYSCALE,1
1381,1044,1,GRAYSCALE,2
1384,1008,1,GRAYSCALE,1
1384,1016,1,GRAYSCALE,1
1384,1021,1,GRAYSCALE,1
1384,1024,1,GRAYSCALE,1
1384,1048,1,GRAYSCALE,1
1384,1072,1,GRAYSCALE,2
1384,1080,1,GRAYSCALE,1
1384,1088,1,GRAYSCALE,2
1384,1090,1,GRAYSCALE,1
1384,1102,1,GRAYSCALE,1
1384,1121,1,GRAYSCALE,1
1384,1167,1,GRAYSCALE,1
1384,1184,1,GRAYSCALE,1
1384,1208,1,GRAYSCALE,1
1384,1312,1,GRAYSCALE,1
1384,1376,1,GRAYSCALE,1
1384,792,1,GRAYSCALE,1
1384,808,1,GRAYSCALE,1
1384,809,1,GRAYSCALE,1
1384,824,1,GRAYSCALE,1
1384,852,1,GRAYSCALE,1
1384,864,1,GRAYSCALE,3
1384,912,1,GRAYSCALE,2
1384,920,1,GRAYSCALE,1
1384,944,1,GRAYSCALE,2
1384,950,1,GRAYSCALE,1
1384,959,1,GRAYSCALE,1
1384,960,1,GRAYSCALE,1
1386,1158,1,GRAYSCALE,1
1388,1009,1,GRAYSCALE,1
1388,1013,1,GRAYSCALE,1
1388,1029,1,GRAYSCALE,1
1388,1063,1,GRAYSCALE,1
1388,1094,1,GRAYSCALE,1
1392,1008,1,GRAYSCALE,1
1392,1016,1,GRAYSCALE,1
1392,1048,1,GRAYSCALE,1
1392,1056,1,GRAYSCALE,1
1392,1120,1,GRAYSCALE,1
1392,1148,1,GRAYSCALE,1
1392,1168,1,GRAYSCALE,1
1392,1232,1,GRAYSCALE,1
1392,1240,1,GRAYSCALE,1
1392,1264,1,GRAYSCALE,1
1392,712,1,GRAYSCALE,1
1392,776,1,GRAYSCALE,1
1392,778,1,GRAYSCALE,1
1392,824,1,GRAYSCALE,1
1392,832,1,GRAYSCALE,3
1392,864,1,GRAYSCALE,1
1392,888,1,GRAYSCALE,2
1392,901,1,GRAYSCALE,1
1392,904,1,GRAYSCALE,1
1392,912,1,GRAYSCALE,3
1392,920,1,GRAYSCALE,1
1392,936,1,GRAYSCALE,1
1392,968,1,GRAYSCALE,1
1392,984,1,GRAYSCALE,1
1392,998,1,GRAYSCALE,1
1394,1257,1,GRAYSCALE,1
1395,1312,1,GRAYSCALE,1
1396,1001,1,GRAYSCALE,1
1396,1024,1,GRAYSCALE,1
1396,1099,1,GRAYSCALE,1
1396,897,1,GRAYSCALE,1
1396,955,1,GRAYSCALE,1
1398,1121,1,GRAYSCALE,1
1400,1024,1,GRAYSCALE,2
1400,1032,1,GRAYSCALE,2
1400,1040,1,GRAYSCALE,1
1400,1048,1,GRAYSCALE,2
1400,1052,1,GRAYSCALE,1
1400,1070,1,GRAYSCALE,1
1400,1072,1,GRAYSCALE,3
1400,1080,1,GRAYSCALE,1
1400,1088,1,GRAYSCALE,2
1400,1104,1,GRAYSCALE,1
1400,1112,1,GRAYSCALE,1
1400,1120,1,GRAYSCALE,1
1400,1125,1,GRAYSCALE,1
1400,1136,1,GRAYSCALE,1
1400,1190,1,GRAYSCALE,1
1400,1208,1,GRAYSCALE,1
1400,1216,1,GRAYSCALE,1
1400,1221,1,GRAYSCALE,1
1400,1224,1,GRAYSCALE,1
1400,1239,1,GRAYSCALE,1
1400,1260,1,GRAYSCALE,1
1400,704,1,GRAYSCALE,1
1400,768,1,GRAYSCALE,1
1400,840,1,GRAYSCALE,1
1400,880,1,GRAYSCALE,1
1400,882,1,GRAYSCALE,1
1400,888,1,GRAYSCALE,1
1400,890,1,GRAYSCALE,1
1400,896,1,GRAYSCALE,1
1400,898,1,GRAYSCALE,1
1400,910,1,GRAYSCALE,1
1400,968,1,GRAYSCALE,1
1402,1105,1,GRAYSCALE,1
1402,1117,1,GRAYSCALE,1
1404,1006,1,GRAYSCALE,1
1404,1059,1,GRAYSCALE,1
1404,1072,1,GRAYSCALE,1
1404,1333,1,GRAYSCALE,1
1406,879,1,GRAYSCALE,1
1406,913,1,GRAYSCALE,1
1408,1024,1,GRAYSCALE,1
1408,1040,1,GRAYSCALE,1
1408,1056,1,GRAYSCALE,1
1408,1090,1,GRAYSCALE,1
1408,1128,1,GRAYSCALE,1
1408,1152,1,GRAYSCALE,1
1408,1168,1,GRAYSCALE,1
1408,1184,1,GRAYSCALE,1
1408,1296,1,GRAYSCALE,1
1408,720,1,GRAYSCALE,1
1408,784,1,GRAYSCALE,1
1408,792,1,GRAYSCALE,1
1408,800,1,GRAYSCALE,2
1408,839,1,GRAYSCALE,1
1408,840,1,GRAYSCALE,1
1408,848,1,GRAYSCALE,1
1408,856,1,GRAYSCALE,1
1408,864,1,GRAYSCALE,1
1408,872,1,GRAYSCALE,1
1408,904,1,GRAYSCALE,1
1408,960,1,GRAYSCALE,1
1408,968,1,GRAYSCALE,2
1408,976,1,GRAYSCALE,2
1408,992,1,GRAYSCALE,1
1410,1106,1,GRAYSCALE,1
1410,1179,1,GRAYSCALE,1
1410,1244,1,GRAYSCALE,1
1410,720,1,GRAYSCALE,1
1410,970,1,GRAYSCALE,1
1410,979,1,GRAYSCALE,1
1411,915,1,GRAYSCALE,1
1412,1029,1,GRAYSCALE,1
1412,1044,1,GRAYSCALE,1
1412,1066,1,GRAYSCALE,1
1412,1198,1,GRAYSCALE,1
1414,1020,1,GRAYSCALE,1
1414,1086,1,GRAYSCALE,1
1414,1106,1,GRAYSCALE,1
1414,1164,1,GRAYSCALE,1
1414,1167,1,GRAYSCALE,1
1414,1206,1,GRAYSCALE,1
1414,882,1,GRAYSCALE,1
1416,1008,1,GRAYSCALE,2
1416,1016,1,GRAYSCALE,2
1416,1037,1,GRAYSCALE,1
1416,1056,1,GRAYSCALE,1
1416,1072,1,GRAYSCALE,2
1416,1079,1,GRAYSCALE,1
1416,1088,1,GRAYSCALE,1
1416,1104,1,GRAYSCALE,1
1416,1128,1,GRAYSCALE,1
1416,1148,1,GRAYSCALE,1
1416,1160,1,GRAYSCALE,2
1416,1176,1,GRAYSCALE,1
1416,1184,1,GRAYSCALE,1
1416,1208,1,GRAYSCALE,1
1416,1216,1,GRAYSCALE,1
1416,1288,1,GRAYSCALE,1
1416,1296,1,GRAYSCALE,1
1416,1344,1,GRAYSCALE,1
1416,1432,1,GRAYSCALE,1
1416,800,1,GRAYSCALE,2
1416,816,1,GRAYSCALE,1
1416,824,1,GRAYSCALE,1
1416,856,1,GRAYSCALE,2
1416,864,1,GRAYSCALE,3
1416,888,1,GRAYSCALE,2
1416,904,1,GRAYSCALE,1
1416,912,1,GRAYSCALE,2
1416,920,1,GRAYSCALE,1
1416,928,1,GRAYSCALE,1
1416,944,1,GRAYSCALE,1
1416,960,1,GRAYSCALE,1
1416,984,1,GRAYSCALE,1
1416,992,1,GRAYSCALE,1
1418,1010,1,GRAYSCALE,1
1418,1020,1,GRAYSCALE,1
1418,1024,1,GRAYSCALE,1
1418,1048,1,GRAYSCALE,1
1418,1059,1,GRAYSCALE,1
1418,1078,1,GRAYSCALE,1
1418,1121,1,GRAYSCALE,1
1418,1137,1,GRAYSCALE,1
1418,1221,1,GRAYSCALE,1
1418,1360,1,GRAYSCALE,1
1422,1032,1,GRAYSCALE,1
1422,1066,1,GRAYSCALE,2
1422,1067,1,GRAYSCALE,1
1422,1125,1,GRAYSCALE,1
1422,1128,1,GRAYSCALE,1
1422,1152,1,GRAYSCALE,1
1422,1156,1,GRAYSCALE,1
1422,1186,1,GRAYSCALE,1
1422,1191,1,GRAYSCALE,1
1422,1229,1,GRAYSCALE,1
1422,1402,1,GRAYSCALE,1
1422,952,1,GRAYSCALE,1
1422,971,1,GRAYSCALE,1
1424,1016,1,GRAYSCALE,2
1424,1024,1,GRAYSCALE,1
1424,1056,1,GRAYSCALE,1
1424,1112,1,GRAYSCALE,1
1424,1128,1,GRAYSCALE,1
1424,1152,1,GRAYSCALE,1
1424,1168,1,GRAYSCALE,1
1424,1184,1,GRAYSCALE,1
1424,1224,1,GRAYSCALE,2
1424,1264,1,GRAYSCALE,2
1424,896,1,GRAYSCALE,1
1424,904,1,GRAYSCALE,1
1424,968,1,GRAYSCALE,1
1424,976,1,GRAYSCALE,1
1426,1049,1,GRAYSCALE,1
1426,1052,1,GRAYSCALE,1
1426,1055,1,GRAYSCALE,1
1426,1067,1,GRAYSCALE,1
1426,1101,1,GRAYSCALE,1
1426,1128,1,GRAYSCALE,1
1426,1164,1,GRAYSCALE,1
1426,1182,1,GRAYSCALE,1
1426,1206,1,GRAYSCALE,1
1426,832,1,GRAYSCALE,1
1426,947,1,GRAYSCALE,1
1426,951,1,GRAYSCALE,1
1426,967,1,GRAYSCALE,1
1428,884,1,GRAYSCALE,1
1430,1005,1,GRAYSCALE,1
1430,1087,1,GRAYSCALE,1
1430,1113,1,GRAYSCALE,1
1430,1128,1,GRAYSCALE,1
1430,1141,1,GRAYSCALE,1
1430,1194,1,GRAYSCALE,1
1430,1198,1,GRAYSCALE,1
1430,763,1,GRAYSCALE,1
1430,921,1,GRAYSCALE,1
1430,933,1,GRAYSCALE,1
1430,963,1,GRAYSCALE,1
1431,1044,1,GRAYSCALE,1
1431,1058,1,GRAYSCALE,1
1432,1000,1,GRAYSCALE,1
1432,1008,1,GRAYSCALE,1
1432,1016,1,GRAYSCALE,2
1432,1024,1,GRAYSCALE,2
1432,1128,1,GRAYSCALE,1
1432,1152,1,GRAYSCALE,1
1432,1160,1,GRAYSCALE,1
1432,1176,1,GRAYSCALE,1
1432,1184,1,GRAYSCALE,1
1432,1288,1,GRAYSCALE,1
1432,736,1,GRAYSCALE,1
1432,800,1,GRAYSCALE,1
1432,816,1,GRAYSCALE,1
1432,936,1,GRAYSCALE,1
1432,944,1,GRAYSCALE,2
1432,952,1,GRAYSCALE,1
1432,968,1,GRAYSCALE,1
1432,976,1,GRAYSCALE,1
1434,1036,1,GRAYSCALE,1
1434,1074,1,GRAYSCALE,1
1434,1125,1,GRAYSCALE,1
1434,1179,1,GRAYSCALE,1
1434,1260,1,GRAYSCALE,1
1434,1310,1,GRAYSCALE,1
1434,1411,1,GRAYSCALE,1
1434,906,1,GRAYSCALE,1
1434,978,1,GRAYSCALE,1
1434,986,1,GRAYSCALE,1
1438,1059,1,GRAYSCALE,1
1438,1067,1,GRAYSCALE,1
1438,1082,1,GRAYSCALE,1
1438,1106,1,GRAYSCALE,1
1438,1140,1,GRAYSCALE,1
1438,1144,1,GRAYSCALE,1
1438,1175,1,GRAYSCALE,1
1438,1187,1,GRAYSCALE,1
1438,1260,1,GRAYSCALE,1
1438,927,1,GRAYSCALE,1
1440,1008,1,GRAYSCALE,1
1440,1040,1,GRAYSCALE,1
1440,1064,1,GRAYSCALE,1
1440,1104,1,GRAYSCALE,2
1440,1112,1,GRAYSCALE,1
1440,1168,1,GRAYSCALE,3
1440,1224,1,GRAYSCALE,1
1440,1328,1,GRAYSCALE,1
1440,736,1,GRAYSCALE,1
1440,792,1,GRAYSCALE,1
1440,800,1,GRAYSCALE,1
1440,856,1,GRAYSCALE,1
1440,864,1,GRAYSCALE,1
1440,896,1,GRAYSCALE,2
1440,912,1,GRAYSCALE,1
1440,928,1,GRAYSCALE,1
1440,976,1,GRAYSCALE,1
1440,992,1,GRAYSCALE,3
1442,1059,1,GRAYSCALE,1
1442,1101,1,GRAYSCALE,1
1442,1109,1,GRAYSCALE,1
1442,1148,1,GRAYSCALE,1
1442,1152,1,GRAYSCALE,1
1442,1214,1,GRAYSCALE,1
1442,1229,1,GRAYSCALE,1
1442,1399,1,GRAYSCALE,1
1442,770,1,GRAYSCALE,1
1442,898,1,GRAYSCALE,1
1442,974,1,GRAYSCALE,1
1446,1021,1,GRAYSCALE,1
1446,1029,1,GRAYSCALE,1
1446,1082,1,GRAYSCALE,1
1446,1087,1,GRAYSCALE,1
1446,1171,1,GRAYSCALE,1
1446,1310,1,GRAYSCALE,1
1446,1391,1,GRAYSCALE,1
1448,1008,1,GRAYSCALE,2
1448,1032,1,GRAYSCALE,1
1448,1040,1,GRAYSCALE,1
1448,1056,1,GRAYSCALE,2
1448,1064,1,GRAYSCALE,1
1448,1072,1,GRAYSCALE,1
1448,1080,1,GRAYSCALE,2
1448,1112,1,GRAYSCALE,2
1448,1136,1,GRAYSCALE,1
1448,1152,1,GRAYSCALE,1
1448,1176,1,GRAYSCALE,1
1448,856,1,GRAYSCALE,1
1448,880,1,GRAYSCALE,2
1448,888,1,GRAYSCALE,1
1448,928,1,GRAYSCALE,1
1448,976,1,GRAYSCALE,1
1448,984,1,GRAYSCALE,1
1449,1140,1,GRAYSCALE,1
1450,1020,1,GRAYSCALE,1
1450,1051,1,GRAYSCALE,1
1450,1106,1,GRAYSCALE,1
1450,1144,1,GRAYSCALE,1
1450,1149,1,GRAYSCALE,1
1450,1160,1,GRAYSCALE,1
1450,1210,1,GRAYSCALE,2
1450,1275,1,GRAYSCALE,1
1450,1287,1,GRAYSCALE,1
1450,809,1,GRAYSCALE,1
1450,890,1,GRAYSCALE,1
1450,913,1,GRAYSCALE,1
1450,947,1,GRAYSCALE,1
1453,1073,1,GRAYSCALE,1
1454,1071,1,GRAYSCALE,1
1454,1078,1,GRAYSCALE,1
1454,1079,1,GRAYSCALE,1
1454,1160,1,GRAYSCALE,1
1454,1183,1,GRAYSCALE,1
1454,1229,1,GRAYSCALE,1
1454,794,1,GRAYSCALE,1
1454,978,1,GRAYSCALE,1
1454,979,1,GRAYSCALE,1
1456,1032,1,GRAYSCALE,1
1456,1056,1,GRAYSCALE,1
1456,1072,1,GRAYSCALE,1
1456,1080,1,GRAYSCALE,1
1456,1104,1,GRAYSCALE,3
1456,1112,1,GRAYSCALE,1
1456,1160,1,GRAYSCALE,2
1456,1232,1,GRAYSCALE,2
1456,1264,1,GRAYSCALE,1
1456,1272,1,GRAYSCALE,1
1456,1279,1,GRAYSCALE,1
1456,1288,1,GRAYSCALE,1
1456,1312,1,GRAYSCALE,1
1456,808,1,GRAYSCALE,1
1456,839,1,GRAYSCALE,1
1456,896,1,GRAYSCALE,1
1456,904,1,GRAYSCALE,1
1456,912,1,GRAYSCALE,1
1456,928,1,GRAYSCALE,1
1456,976,1,GRAYSCALE,2
1458,1074,1,GRAYSCALE,1
1458,1080,1,GRAYSCALE,1
1458,1128,1,GRAYSCALE,1
1458,1190,1,GRAYSCALE,1
1458,1233,1,GRAYSCALE,1
1458,1248,1,GRAYSCALE,1
1458,944,1,GRAYSCALE,1
1458,951,1,GRAYSCALE,1
1458,990,1,GRAYSCALE,1
1460,1067,1,GRAYSCALE,1
1460,1071,1,GRAYSCALE,1
1460,1233,1,GRAYSCALE,1
1460,1279,1,GRAYSCALE,1
1460,906,1,GRAYSCALE,1
1460,924,1,GRAYSCALE,1
1460,951,1,GRAYSCALE,1
1462,1010,1,GRAYSCALE,1
1462,1124,1,GRAYSCALE,1
1462,1140,1,GRAYSCALE,1
1462,1171,1,GRAYSCALE,1
1462,1245,1,GRAYSCALE,1
1462,874,1,GRAYSCALE,1
1464,1048,1,GRAYSCALE,1
1464,1051,1,GRAYSCALE,1
1464,1056,1,GRAYSCALE,1
1464,1080,1,GRAYSCALE,1
1464,1104,1,GRAYSCALE,1
1464,1164,1,GRAYSCALE,1
1464,1167,1,GRAYSCALE,1
1464,1183,1,GRAYSCALE,1
1464,1205,1,GRAYSCALE,1
1464,1216,1,GRAYSCALE,1
1464,1296,1,GRAYSCALE,1
1464,744,1,GRAYSCALE,1
1464,800,1,GRAYSCALE,1
1464,808,1,GRAYSCALE,1
1464,872,1,GRAYSCALE,1
1464,925,1,GRAYSCALE,1
1464,944,1,GRAYSCALE,1
1464,967,1,GRAYSCALE,1
1466,1109,1,GRAYSCALE,1
1466,1140,1,GRAYSCALE,1
1466,1175,1,GRAYSCALE,1
1466,1178,1,GRAYSCALE,1
1466,1265,1,GRAYSCALE,1
1467,1044,1,GRAYSCALE,2
1467,1123,1,GRAYSCALE,1
1468,1010,1,GRAYSCALE,1
1468,1083,1,GRAYSCALE,1
1468,1163,1,GRAYSCALE,1
1468,821,1,GRAYSCALE,1
1468,913,1,GRAYSCALE,1
1468,993,1,GRAYSCALE,1
1470,1033,1,GRAYSCALE,1
1470,1043,1,GRAYSCALE,1
1470,1072,1,GRAYSCALE,1
1470,1248,1,GRAYSCALE,1
1472,1013,1,GRAYSCALE,1
1472,1024,1,GRAYSCALE,1
1472,1048,1,GRAYSCALE,2
1472,1088,1,GRAYSCALE,1
1472,1091,1,GRAYSCALE,1
1472,1168,1,GRAYSCALE,1
1472,1171,1,GRAYSCALE,2
1472,1175,1,GRAYSCALE,1
1472,1176,1,GRAYSCALE,2
1472,1192,1,GRAYSCALE,1
1472,1216,1,GRAYSCALE,1
1472,1225,1,GRAYSCALE,1
1472,1280,1,GRAYSCALE,1
1472,1318,1,GRAYSCALE,1
1472,1360,1,GRAYSCALE,1
1472,808,1,GRAYSCALE,1
1472,816,1,GRAYSCALE,1
1472,863,1,GRAYSCALE,1
1472,904,1,GRAYSCALE,1
1472,921,1,GRAYSCALE,1
1472,944,1,GRAYSCALE,1
1472,960,1,GRAYSCALE,1
1472,968,1,GRAYSCALE,1
1472,976,1,GRAYSCALE,2
1472,978,1,GRAYSCALE,1
1474,1044,1,GRAYSCALE,1
1474,1527,1,GRAYSCALE,1
1476,1013,1,GRAYSCALE,1
1476,1133,1,GRAYSCALE,1
1478,1137,1,GRAYSCALE,1
1478,1261,1,GRAYSCALE,1
1478,928,1,GRAYSCALE,1
1480,1008,1,GRAYSCALE,1
1480,1088,1,GRAYSCALE,1
1480,1136,1,GRAYSCALE,1
1480,1137,1,GRAYSCALE,1
1480,1144,1,GRAYSCALE,1
1480,1208,1,GRAYSCALE,2
1480,1228,1,GRAYSCALE,2
1480,1256,1,GRAYSCALE,1
1480,1302,1,GRAYSCALE,1
1480,1306,1,GRAYSCALE,1
1480,1337,1,GRAYSCALE,1
1480,1392,1,GRAYSCALE,1
1480,680,1,GRAYSCALE,1
1480,840,1,GRAYSCALE,1
1480,856,1,GRAYSCALE,1
1480,872,1,GRAYSCALE,1
1482,1044,1,GRAYSCALE,1
1484,1036,1,GRAYSCALE,1
1484,1136,1,GRAYSCALE,1
1484,1190,1,GRAYSCALE,1
1484,1267,1,GRAYSCALE,1
1484,1399,1,GRAYSCALE,1
1484,993,1,GRAYSCALE,1
1488,1017,1,GRAYSCALE,1
1488,1048,1,GRAYSCALE,1
1488,1088,1,GRAYSCALE,2
1488,1094,1,GRAYSCALE,1
1488,1136,1,GRAYSCALE,2
1488,1144,1,GRAYSCALE,1
1488,1168,1,GRAYSCALE,3
1488,1206,1,GRAYSCALE,1
1488,1209,1,GRAYSCALE,1
1488,1275,1,GRAYSCALE,1
1488,1280,1,GRAYSCALE,1
1488,1288,1,GRAYSCALE,1
1488,1312,1,GRAYSCALE,1
1488,816,1,GRAYSCALE,1
1488,893,1,GRAYSCALE,1
1488,936,1,GRAYSCALE,1
1488,976,1,GRAYSCALE,1
1488,984,1,GRAYSCALE,1
1492,1024,1,GRAYSCALE,1
1492,1106,1,GRAYSCALE,1
1492,1118,1,GRAYSCALE,1
1492,1148,1,GRAYSCALE,1
1492,1190,1,GRAYSCALE,1
1492,990,1,GRAYSCALE,1
1494,1044,1,GRAYSCALE,1
1496,1008,1,GRAYSCALE,1
1496,1012,1,GRAYSCALE,1
1496,1024,1,GRAYSCALE,1
1496,1040,1,GRAYSCALE,2
1496,1044,1,GRAYSCALE,1
1496,1049,1,GRAYSCALE,1
1496,1074,1,GRAYSCALE,1
1496,1094,1,GRAYSCALE,1
1496,1137,1,GRAYSCALE,1
1496,1155,1,GRAYSCALE,1
1496,1179,1,GRAYSCALE,1
1496,1201,1,GRAYSCALE,1
1496,1304,1,GRAYSCALE,2
1496,1314,1,GRAYSCALE,1
1496,1333,1,GRAYSCALE,1
1496,1337,1,GRAYSCALE,1
1496,960,1,GRAYSCALE,1
1496,976,1,GRAYSCALE,1
1496,981,1,GRAYSCALE,1
1496,984,1,GRAYSCALE,1
1500,1051,1,GRAYSCALE,1
1500,1113,1,GRAYSCALE,1
1500,1152,1,GRAYSCALE,1
1500,1194,1,GRAYSCALE,1
1500,1195,1,GRAYSCALE,1
1500,1206,1,GRAYSCALE,1
1500,1249,1,GRAYSCALE,1
1500,1268,1,GRAYSCALE,1
1500,1294,1,GRAYSCALE,1
1504,1016,1,GRAYSCALE,1
1504,1032,1,GRAYSCALE,1
1504,1033,1,GRAYSCALE,1
1504,1056,1,GRAYSCALE,3
1504,1064,1,GRAYSCALE,1
1504,1091,1,GRAYSCALE,1
1504,1096,1,GRAYSCALE,1
1504,1104,1,GRAYSCALE,1
1504,1152,1,GRAYSCALE,1
1504,1171,1,GRAYSCALE,1
1504,1174,1,GRAYSCALE,1
1504,1180,1,GRAYSCALE,1
1504,1200,1,GRAYSCALE,1
1504,1206,1,GRAYSCALE,1
1504,1244,1,GRAYSCALE,1
1504,1253,1,GRAYSCALE,1
1504,1283,1,GRAYSCALE,1
1504,1296,1,GRAYSCALE,1
1504,1336,1,GRAYSCALE,1
1504,1395,1,GRAYSCALE,1
1504,720,1,GRAYSCALE,1
1504,880,1,GRAYSCALE,1
1504,912,1,GRAYSCALE,1
1504,936,1,GRAYSCALE,1
1504,948,1,GRAYSCALE,1
1504,968,1,GRAYSCALE,1
1504,992,1,GRAYSCALE,3
1506,1121,1,GRAYSCALE,1
1506,833,1,GRAYSCALE,1
1508,1052,1,GRAYSCALE,1
1508,1093,1,GRAYSCALE,1
1508,1133,1,GRAYSCALE,1
1508,1140,1,GRAYSCALE,1
1508,1152,1,GRAYSCALE,1
1508,1240,1,GRAYSCALE,1
1508,1241,1,GRAYSCALE,1
1508,1260,1,GRAYSCALE,1
1508,1337,1,GRAYSCALE,1
1508,1349,1,GRAYSCALE,1
1508,929,1,GRAYSCALE,1
1508,933,1,GRAYSCALE,1
1510,1002,1,GRAYSCALE,1
1510,1136,1,GRAYSCALE,1
1510,1175,1,GRAYSCALE,1
1510,1352,1,GRAYSCALE,1
1512,1005,1,GRAYSCALE,1
1512,1008,1,GRAYSCALE,1
1512,1032,1,GRAYSCALE,1
1512,1056,1,GRAYSCALE,1
1512,1075,1,GRAYSCALE,1
1512,1088,1,GRAYSCALE,2
1512,1136,1,GRAYSCALE,1
1512,1152,1,GRAYSCALE,1
1512,1160,1,GRAYSCALE,1
1512,1164,1,GRAYSCALE,1
1512,1171,1,GRAYSCALE,1
1512,1178,1,GRAYSCALE,1
1512,1192,1,GRAYSCALE,1
1512,1200,1,GRAYSCALE,1
1512,1202,1,GRAYSCALE,1
1512,1209,1,GRAYSCALE,1
1512,1216,1,GRAYSCALE,1
1512,1225,1,GRAYSCALE,1
1512,1237,1,GRAYSCALE,1
1512,1272,1,GRAYSCALE,2
1512,1302,1,GRAYSCALE,1
1512,1325,1,GRAYSCALE,1
1512,1488,1,GRAYSCALE,1
1512,872,1,GRAYSCALE,1
1512,888,1,GRAYSCALE,1
1512,960,1,GRAYSCALE,1
1512,991,1,GRAYSCALE,1
1514,1032,1,GRAYSCALE,1
1514,1152,1,GRAYSCALE,1
1514,1310,1,GRAYSCALE,1
1514,1395,1,GRAYSCALE,1
1516,1283,1,GRAYSCALE,1
1516,1291,1,GRAYSCALE,1
1516,1295,1,GRAYSCALE,1
1516,910,1,GRAYSCALE,1
1516,982,1,GRAYSCALE,1
1518,1005,1,GRAYSCALE,1
1518,1071,1,GRAYSCALE,1
1518,1097,1,GRAYSCALE,1
1518,1121,1,GRAYSCALE,1
1518,1149,1,GRAYSCALE,1
1518,1156,1,GRAYSCALE,1
1518,1194,1,GRAYSCALE,1
1518,1302,1,GRAYSCALE,1
1518,1310,1,GRAYSCALE,1
1520,1070,1,GRAYSCALE,1
1520,1080,1,GRAYSCALE,1
1520,1152,1,GRAYSCALE,1
1520,1176,1,GRAYSCALE,1
1520,1192,1,GRAYSCALE,1
1520,1306,1,GRAYSCALE,1
1520,1376,1,GRAYSCALE,1
1520,872,1,GRAYSCALE,1
1520,904,1,GRAYSCALE,1
1520,920,1,GRAYSCALE,1
1520,936,1,GRAYSCALE,1
1520,952,1,GRAYSCALE,1
1520,960,1,GRAYSCALE,1
1520,968,1,GRAYSCALE,1
1520,984,1,GRAYSCALE,1
1522,1090,1,GRAYSCALE,1
1522,1093,1,GRAYSCALE,1
1522,1109,1,GRAYSCALE,1
1522,1183,1,GRAYSCALE,1
1522,1221,1,GRAYSCALE,1
1522,1256,1,GRAYSCALE,1
1522,1407,1,GRAYSCALE,1
1524,1171,1,GRAYSCALE,1
1524,1295,1,GRAYSCALE,1
1524,1410,1,GRAYSCALE,1
1525,1073,1,GRAYSCALE,1
1526,1001,1,GRAYSCALE,1
1526,1052,1,GRAYSCALE,1
1526,1195,1,GRAYSCALE,1
1526,1356,1,GRAYSCALE,1
1528,1013,1,GRAYSCALE,1
1528,1024,1,GRAYSCALE,1
1528,1032,1,GRAYSCALE,1
1528,1056,1,GRAYSCALE,1
1528,1080,1,GRAYSCALE,2
1528,1112,1,GRAYSCALE,1
1528,1120,1,GRAYSCALE,1
1528,1152,1,GRAYSCALE,1
1528,1176,1,GRAYSCALE,1
1528,1327,1,GRAYSCALE,1
1528,1376,1,GRAYSCALE,1
1528,1416,1,GRAYSCALE,1
1528,840,1,GRAYSCALE,1
1528,952,1,GRAYSCALE,1
1528,968,1,GRAYSCALE,1
1530,1028,1,GRAYSCALE,1
1530,1029,1,GRAYSCALE,1
1530,1078,1,GRAYSCALE,1
1530,1140,1,GRAYSCALE,1
1530,1144,1,GRAYSCALE,1
1530,1272,1,GRAYSCALE,1
1530,1279,1,GRAYSCALE,1
1530,1299,1,GRAYSCALE,1
1530,1399,1,GRAYSCALE,1
1530,994,1,GRAYSCALE,1
1532,1066,1,GRAYSCALE,1
1532,1256,1,GRAYSCALE,1
1532,986,1,GRAYSCALE,1
1534,1063,1,GRAYSCALE,1
1534,1064,1,GRAYSCALE,1
1534,1121,1,GRAYSCALE,1
1534,1187,1,GRAYSCALE,1
1534,1203,1,GRAYSCALE,1
1534,1264,1,GRAYSCALE,1
1536,1064,1,GRAYSCALE,2
1536,1080,1,GRAYSCALE,1
1536,1104,1,GRAYSCALE,1
1536,1120,1,GRAYSCALE,1
1536,1176,1,GRAYSCALE,1
1536,1192,1,GRAYSCALE,1
1536,1208,1,GRAYSCALE,1
1536,1256,1,GRAYSCALE,1
1536,1320,1,GRAYSCALE,1
1536,856,1,GRAYSCALE,1
1536,896,1,GRAYSCALE,1
1536,984,1,GRAYSCALE,1
1538,1137,1,GRAYSCALE,1
1538,1164,1,GRAYSCALE,2
1538,1179,1,GRAYSCALE,1
1538,1202,1,GRAYSCALE,1
1538,1205,1,GRAYSCALE,1
1538,1222,1,GRAYSCALE,1
1538,1299,1,GRAYSCALE,1
1538,1353,1,GRAYSCALE,2
1538,986,1,GRAYSCALE,1
1541,881,1,GRAYSCALE,1
1542,1032,1,GRAYSCALE,1
1542,1152,1,GRAYSCALE,1
1542,1286,1,GRAYSCALE,1
1542,1310,1,GRAYSCALE,1
1542,1341,1,GRAYSCALE,1
1542,1461,1,GRAYSCALE,1
1542,871,1,GRAYSCALE,1
1542,963,1,GRAYSCALE,1
1544,1008,1,GRAYSCALE,1
1544,1080,1,GRAYSCALE,1
1544,1096,1,GRAYSCALE,1
1544,1104,1,GRAYSCALE,1
1544,1264,1,GRAYSCALE,1
1544,1280,1,GRAYSCALE,1
1544,1288,1,GRAYSCALE,1
1544,1336,1,GRAYSCALE,1
1544,1392,1,GRAYSCALE,1
1544,1440,1,GRAYSCALE,1
1544,824,1,GRAYSCALE,1
1544,848,1,GRAYSCALE,1
1544,872,1,GRAYSCALE,1
1546,1064,1,GRAYSCALE,1
1546,1094,1,GRAYSCALE,1
1546,1105,1,GRAYSCALE,1
1546,1152,1,GRAYSCALE,1
1546,1205,1,GRAYSCALE,1
1546,1210,1,GRAYSCALE,1
1546,1230,1,GRAYSCALE,1
1546,1231,1,GRAYSCALE,1
1546,1236,1,GRAYSCALE,1
1546,1255,1,GRAYSCALE,1
1546,1271,1,GRAYSCALE,1
1546,1294,1,GRAYSCALE,1
1546,1307,1,GRAYSCALE,1
1546,1314,1,GRAYSCALE,1
1546,1368,1,GRAYSCALE,1
1546,1399,1,GRAYSCALE,1
1546,1414,1,GRAYSCALE,1
1546,1425,1,GRAYSCALE,1
1550,1033,1,GRAYSCALE,1
1550,1059,1,GRAYSCALE,1
1550,1075,1,GRAYSCALE,1
1550,1144,1,GRAYSCALE,1
1550,1194,1,GRAYSCALE,1
1550,1302,1,GRAYSCALE,1
1550,1368,1,GRAYSCALE,1
1550,1399,1,GRAYSCALE,1
1550,1452,1,GRAYSCALE,1
1550,955,1,GRAYSCALE,1
1552,1000,1,GRAYSCALE,1
1552,1016,1,GRAYSCALE,1
1552,1064,1,GRAYSCALE,1
1552,1080,1,GRAYSCALE,1
1552,1096,1,GRAYSCALE,1
1552,1104,1,GRAYSCALE,1
1552,1120,1,GRAYSCALE,1
1552,1144,1,GRAYSCALE,1
1552,1176,1,GRAYSCALE,1
1552,1200,1,GRAYSCALE,1
1552,1224,1,GRAYSCALE,2
1552,1544,1,GRAYSCALE,1
1552,840,1,GRAYSCALE,2
1553,1044,1,GRAYSCALE,1
1554,1067,1,GRAYSCALE,1
1554,1072,1,GRAYSCALE,1
1554,1075,1,GRAYSCALE,1
1554,1136,1,GRAYSCALE,1
1554,1151,1,GRAYSCALE,1
1554,1198,1,GRAYSCALE,1
1554,1229,1,GRAYSCALE,1
1554,1245,1,GRAYSCALE,1
1554,1271,1,GRAYSCALE,1
1554,1298,1,GRAYSCALE,1
1554,1345,1,GRAYSCALE,1
1554,1353,1,GRAYSCALE,1
1554,1402,1,GRAYSCALE,1
1554,1449,1,GRAYSCALE,1
1558,1014,1,GRAYSCALE,1
1558,1048,1,GRAYSCALE,1
1558,1106,1,GRAYSCALE,1
1558,1167,1,GRAYSCALE,1
1558,1179,1,GRAYSCALE,1
1558,1218,1,GRAYSCALE,1
1558,1259,1,GRAYSCALE,1
1558,1279,1,GRAYSCALE,2
1558,1352,1,GRAYSCALE,1
1558,1380,1,GRAYSCALE,1
1558,925,1,GRAYSCALE,1
1558,933,1,GRAYSCALE,1
1560,1008,1,GRAYSCALE,1
1560,1016,1,GRAYSCALE,1
1560,1056,1,GRAYSCALE,1
1560,1096,1,GRAYSCALE,1
1560,1160,1,GRAYSCALE,1
1560,1200,1,GRAYSCALE,1
1560,1256,1,GRAYSCALE,1
1560,1272,1,GRAYSCALE,1
1560,1304,1,GRAYSCALE,1
1560,792,1,GRAYSCALE,1
1560,952,1,GRAYSCALE,1
1562,1021,1,GRAYSCALE,1
1562,1051,1,GRAYSCALE,1
1562,1059,1,GRAYSCALE,1
1562,1086,1,GRAYSCALE,1
1562,1106,1,GRAYSCALE,1
1562,1133,1,GRAYSCALE,1
1562,1156,1,GRAYSCALE,1
1562,1164,1,GRAYSCALE,1
1562,1284,1,GRAYSCALE,1
1562,1348,1,GRAYSCALE,1
1562,998,1,GRAYSCALE,1
1564,1010,1,GRAYSCALE,1
1564,1302,1,GRAYSCALE,1
1566,1130,1,GRAYSCALE,1
1566,1210,1,GRAYSCALE,1
1566,1222,1,GRAYSCALE,1
1566,1225,1,GRAYSCALE,1
1566,1248,1,GRAYSCALE,1
1566,1271,1,GRAYSCALE,1
1566,1353,1,GRAYSCALE,1
1566,1383,1,GRAYSCALE,1
1566,1465,1,GRAYSCALE,1
1568,1016,1,GRAYSCALE,1
1568,1096,1,GRAYSCALE,1
1568,1112,1,GRAYSCALE,1
1568,1120,1,GRAYSCALE,1
1568,1144,1,GRAYSCALE,1
1568,1152,1,GRAYSCALE,1
1568,1184,1,GRAYSCALE,1
1568,1192,1,GRAYSCALE,1
1568,1256,1,GRAYSCALE,1
1568,1272,1,GRAYSCALE,1
1568,1504,1,GRAYSCALE,1
1568,1560,1,GRAYSCALE,1
1568,832,1,GRAYSCALE,1
1568,896,1,GRAYSCALE,1
1568,968,1,GRAYSCALE,1
1568,992,1,GRAYSCALE,1
1570,1156,1,GRAYSCALE,1
1570,1164,1,GRAYSCALE,1
1570,1272,1,GRAYSCALE,1
1570,1286,1,GRAYSCALE,1
1570,1310,1,GRAYSCALE,1
1570,1318,1,GRAYSCALE,1
1570,1460,1,GRAYSCALE,1
1570,1499,1,GRAYSCALE,1
1572,1125,1,GRAYSCALE,1
1572,1194,1,GRAYSCALE,1
1572,1322,1,GRAYSCALE,1
1572,1389,1,GRAYSCALE,1
1574,1043,1,GRAYSCALE,1
1574,1071,1,GRAYSCALE,1
1574,1129,1,GRAYSCALE,1
1574,1164,1,GRAYSCALE,1
1574,1225,1,GRAYSCALE,1
1574,1229,1,GRAYSCALE,1
1574,959,1,GRAYSCALE,1
1576,1056,1,GRAYSCALE,1
1576,1064,1,GRAYSCALE,1
1576,1112,1,GRAYSCALE,1
1576,1144,1,GRAYSCALE,1
1576,1176,1,GRAYSCALE,1
1576,1200,1,GRAYSCALE,1
1576,1216,1,GRAYSCALE,1
1576,1272,1,GRAYSCALE,1
1576,1288,1,GRAYSCALE,1
1576,1328,1,GRAYSCALE,1
1576,1376,1,GRAYSCALE,1
1576,1383,1,GRAYSCALE,1
1576,1395,1,GRAYSCALE,1
1576,1544,1,GRAYSCALE,1
1576,792,1,GRAYSCALE,1
1576,848,1,GRAYSCALE,1
1576,944,1,GRAYSCALE,1
1576,960,1,GRAYSCALE,1
1578,1318,1,GRAYSCALE,1
1580,1329,1,GRAYSCALE,1
1580,1402,1,GRAYSCALE,1
1580,1410,1,GRAYSCALE,1
1580,1493,1,GRAYSCALE,1
1580,1604,1,GRAYSCALE,1
1580,805,1,GRAYSCALE,1
1582,1056,1,GRAYSCALE,1
1582,1155,1,GRAYSCALE,1
1582,1183,1,GRAYSCALE,1
1582,1333,1,GRAYSCALE,1
1582,1404,1,GRAYSCALE,1
1582,1418,1,GRAYSCALE,1
1582,1582,1,GRAYSCALE,1
1584,1024,1,GRAYSCALE,1
1584,1072,1,GRAYSCALE,1
1584,1104,1,GRAYSCALE,1
1584,1168,1,GRAYSCALE,1
1584,1184,1,GRAYSCALE,2
1584,1237,1,GRAYSCALE,1
1584,1295,1,GRAYSCALE,1
1584,1328,1,GRAYSCALE,1
1584,1352,1,GRAYSCALE,1
1584,1407,1,GRAYSCALE,1
1584,1426,1,GRAYSCALE,1
1584,720,1,GRAYSCALE,1
1586,1048,1,GRAYSCALE,1
1586,1217,1,GRAYSCALE,1
1586,1306,1,GRAYSCALE,1
1588,1010,1,GRAYSCALE,1
1588,1144,1,GRAYSCALE,1
1588,1217,1,GRAYSCALE,1
1588,1248,1,GRAYSCALE,1
1588,1337,1,GRAYSCALE,1
1588,1372,1,GRAYSCALE,1
1588,1438,1,GRAYSCALE,1
1588,1453,1,GRAYSCALE,1
1589,1044,1,GRAYSCALE,1
1592,1000,1,GRAYSCALE,1
1592,1041,1,GRAYSCALE,1
1592,1056,1,GRAYSCALE,2
1592,1080,1,GRAYSCALE,1
1592,1106,1,GRAYSCALE,1
1592,1120,1,GRAYSCALE,1
1592,1144,1,GRAYSCALE,1
1592,1148,1,GRAYSCALE,1
1592,1152,1,GRAYSCALE,1
1592,1183,1,GRAYSCALE,1
1592,1200,1,GRAYSCALE,1
1592,1272,1,GRAYSCALE,1
1592,1312,1,GRAYSCALE,1
1592,1328,1,GRAYSCALE,1
1592,1329,1,GRAYSCALE,1
1592,1337,1,GRAYSCALE,1
1592,1344,1,GRAYSCALE,1
1592,1352,1,GRAYSCALE,1
1592,1384,1,GRAYSCALE,1
1592,1392,1,GRAYSCALE,1
1592,1411,1,GRAYSCALE,1
1592,1481,1,GRAYSCALE,1
1592,1728,1,GRAYSCALE,1
1592,921,1,GRAYSCALE,1
1592,944,1,GRAYSCALE,1
1596,1087,1,GRAYSCALE,1
1596,1148,1,GRAYSCALE,1
1596,1156,1,GRAYSCALE,1
1596,1233,1,GRAYSCALE,1
1596,1248,1,GRAYSCALE,1
1596,1306,1,GRAYSCALE,2
1596,1330,1,GRAYSCALE,1
1596,1510,1,GRAYSCALE,1
1597,1231,1,GRAYSCALE,1
1598,1197,1,GRAYSCALE,1
1600,1088,1,GRAYSCALE,1
1600,1125,1,GRAYSCALE,1
1600,1128,1,GRAYSCALE,1
1600,1164,1,GRAYSCALE,1
1600,1176,1,GRAYSCALE,2
1600,1208,1,GRAYSCALE,1
1600,1229,1,GRAYSCALE,1
1600,1264,1,GRAYSCALE,1
1600,1304,1,GRAYSCALE,1
1600,1329,1,GRAYSCALE,1
1600,1380,1,GRAYSCALE,1
1600,1464,1,GRAYSCALE,1
1600,1542,1,GRAYSCALE,1
1600,984,1,GRAYSCALE,1
1600,992,1,GRAYSCALE,2
1604,1044,1,GRAYSCALE,2
1604,1117,1,GRAYSCALE,1
1604,1171,1,GRAYSCALE,1
1604,1179,1,GRAYSCALE,1
1604,1202,1,GRAYSCALE,1
1604,1248,1,GRAYSCALE,1
1604,1279,1,GRAYSCALE,1
1604,1334,1,GRAYSCALE,1
1604,1414,1,GRAYSCALE,1
1604,1442,1,GRAYSCALE,1
1604,1462,1,GRAYSCALE,1
1608,1024,1,GRAYSCALE,1
1608,1056,1,GRAYSCALE,1
1608,1096,1,GRAYSCALE,1
1608,1104,1,GRAYSCALE,1
1608,1152,1,GRAYSCALE,1
1608,1160,1,GRAYSCALE,1
1608,1168,1,GRAYSCALE,1
1608,1175,1,GRAYSCALE,1
1608,1195,1,GRAYSCALE,1
1608,1226,1,GRAYSCALE,1
1608,1228,1,GRAYSCALE,1
1608,1237,1,GRAYSCALE,1
1608,1345,1,GRAYSCALE,1
1608,1348,1,GRAYSCALE,1
1608,1364,1,GRAYSCALE,1
1608,1392,1,GRAYSCALE,1
1608,1468,1,GRAYSCALE,1
1608,1469,1,GRAYSCALE,1
1608,944,1,GRAYSCALE,1
1611,1454,1,GRAYSCALE,1
1612,1086,1,GRAYSCALE,1
1612,1133,1,GRAYSCALE,1
1612,1164,1,GRAYSCALE,1
1612,1179,1,GRAYSCALE,1
1612,1437,1,GRAYSCALE,1
1612,1515,1,GRAYSCALE,1
1612,941,1,GRAYSCALE,1
1616,1024,1,GRAYSCALE,2
1616,1041,1,GRAYSCALE,1
1616,1104,1,GRAYSCALE,1
1616,1109,1,GRAYSCALE,1
1616,1121,1,GRAYSCALE,1
1616,1147,1,GRAYSCALE,1
1616,1187,1,GRAYSCALE,1
1616,1208,1,GRAYSCALE,1
1616,1216,1,GRAYSCALE,1
1616,1232,1,GRAYSCALE,1
1616,1283,1,GRAYSCALE,1
1616,1288,1,GRAYSCALE,1
1616,1318,1,GRAYSCALE,2
1616,1328,1,GRAYSCALE,1
1616,1352,1,GRAYSCALE,1
1616,1408,1,GRAYSCALE,1
1616,872,1,GRAYSCALE,1
1616,912,1,GRAYSCALE,1
1618,1279,1,GRAYSCALE,1
1620,1110,1,GRAYSCALE,1
1620,1151,1,GRAYSCALE,1
1620,1159,1,GRAYSCALE,1
1620,1175,1,GRAYSCALE,1
1620,1310,1,GRAYSCALE,1
1620,1340,1,GRAYSCALE,1
1620,1356,1,GRAYSCALE,1
1620,1438,1,GRAYSCALE,1
1620,1480,1,GRAYSCALE,1
1620,1527,1,GRAYSCALE,1
1622,1272,1,GRAYSCALE,1
1622,1383,1,GRAYSCALE,1
1622,1422,1,GRAYSCALE,1
1624,1016,1,GRAYSCALE,1
1624,1072,1,GRAYSCALE,1
1624,1104,1,GRAYSCALE,1
1624,1128,1,GRAYSCALE,1
1624,1136,1,GRAYSCALE,2
1624,1187,1,GRAYSCALE,1
1624,1208,1,GRAYSCALE,1
1624,1256,1,GRAYSCALE,1
1624,1264,1,GRAYSCALE,1
1624,1280,1,GRAYSCALE,1
1624,1288,1,GRAYSCALE,2
1624,1299,1,GRAYSCALE,1
1624,1304,1,GRAYSCALE,1
1624,1312,1,GRAYSCALE,2
1624,1341,1,GRAYSCALE,2
1624,1375,1,GRAYSCALE,1
1624,1410,1,GRAYSCALE,1
1624,1944,1,GRAYSCALE,1
1624,864,1,GRAYSCALE,2
1624,968,1,GRAYSCALE,1
1626,1268,1,GRAYSCALE,1
1626,1280,1,GRAYSCALE,1
1626,1600,1,GRAYSCALE,1
1628,1167,1,GRAYSCALE,1
1628,1283,1,GRAYSCALE,1
1628,1314,1,GRAYSCALE,1
1628,1442,1,GRAYSCALE,1
1630,1179,1,GRAYSCALE,1
1630,1333,1,GRAYSCALE,1
1630,1353,1,GRAYSCALE,1
1632,1008,1,GRAYSCALE,1
1632,1064,1,GRAYSCALE,1
1632,1088,1,GRAYSCALE,1
1632,1136,1,GRAYSCALE,1
1632,1144,1,GRAYSCALE,1
1632,1186,1,GRAYSCALE,1
1632,1200,1,GRAYSCALE,1
1632,1206,1,GRAYSCALE,1
1632,1208,1,GRAYSCALE,1
1632,1225,1,GRAYSCALE,1
1632,1260,1,GRAYSCALE,1
1632,1291,1,GRAYSCALE,1
1632,1312,1,GRAYSCALE,1
1632,1375,1,GRAYSCALE,1
1632,1400,1,GRAYSCALE,1
1632,800,1,GRAYSCALE,1
1632,888,1,GRAYSCALE,1
1633,1080,1,GRAYSCALE,1
1634,1183,1,GRAYSCALE,1
1634,1210,1,GRAYSCALE,1
1634,1272,1,GRAYSCALE,1
1634,1341,1,GRAYSCALE,1
1634,1372,1,GRAYSCALE,1
1636,1074,1,GRAYSCALE,1
1636,1130,1,GRAYSCALE,1
1636,1218,1,GRAYSCALE,1
1636,1321,1,GRAYSCALE,1
1636,1329,1,GRAYSCALE,1
1636,1433,1,GRAYSCALE,1
1636,1468,1,GRAYSCALE,1
1638,1020,1,GRAYSCALE,1
1638,1168,1,GRAYSCALE,1
1638,1236,1,GRAYSCALE,1
1638,1264,1,GRAYSCALE,1
1638,1279,1,GRAYSCALE,1
1638,1323,1,GRAYSCALE,1
1638,1634,1,GRAYSCALE,1
1640,1160,1,GRAYSCALE,2
1640,1304,1,GRAYSCALE,1
1640,1322,1,GRAYSCALE,1
1640,1328,1,GRAYSCALE,1
1640,1410,1,GRAYSCALE,1
1640,1469,1,GRAYSCALE,1
1640,920,1,GRAYSCALE,1
1640,936,1,GRAYSCALE,3
1642,1133,1,GRAYSCALE,1
1642,1221,1,GRAYSCALE,1
1642,1245,1,GRAYSCALE,1
1642,1364,1,GRAYSCALE,1
1642,1422,1,GRAYSCALE,1
1642,1496,1,GRAYSCALE,1
1642,1507,1,GRAYSCALE,1
1642,1545,1,GRAYSCALE,1
1644,1138,1,GRAYSCALE,1
1644,1167,1,GRAYSCALE,1
1644,1487,1,GRAYSCALE,1
1646,1121,1,GRAYSCALE,1
1646,1124,1,GRAYSCALE,1
1646,1156,1,GRAYSCALE,1
1646,1214,1,GRAYSCALE,1
1646,1299,1,GRAYSCALE,1
1646,1310,1,GRAYSCALE,1
1646,1346,1,GRAYSCALE,1
1646,1391,1,GRAYSCALE,1
1646,1395,1,GRAYSCALE,1
1646,1410,1,GRAYSCALE,1
1646,1476,1,GRAYSCALE,1
1646,1588,1,GRAYSCALE,1
1647,1314,1,GRAYSCALE,1
1648,1096,1,GRAYSCALE,1
1648,1120,1,GRAYSCALE,1
1648,1176,1,GRAYSCALE,1
1648,1208,1,GRAYSCALE,2
1648,1240,1,GRAYSCALE,1
1648,1280,1,GRAYSCALE,1
1648,1400,1,GRAYSCALE,1
1648,1592,1,GRAYSCALE,1
1650,1078,1,GRAYSCALE,1
1650,1214,1,GRAYSCALE,1
1650,1217,1,GRAYSCALE,1
1650,1253,1,GRAYSCALE,1
1650,1341,1,GRAYSCALE,1
1650,1437,1,GRAYSCALE,1
1650,978,1,GRAYSCALE,1
1654,1051,1,GRAYSCALE,1
1654,1171,1,GRAYSCALE,1
1654,1259,1,GRAYSCALE,1
1654,1275,1,GRAYSCALE,1
1654,1291,1,GRAYSCALE,1
1654,1313,1,GRAYSCALE,1
1654,1345,1,GRAYSCALE,1
1654,1364,1,GRAYSCALE,1
1654,1368,1,GRAYSCALE,1
1654,1441,1,GRAYSCALE,1
1654,1446,1,GRAYSCALE,1
1654,1541,1,GRAYSCALE,1
1654,1688,1,GRAYSCALE,1
1656,1008,1,GRAYSCALE,1
1656,1048,1,GRAYSCALE,1
1656,1088,1,GRAYSCALE,1
1656,1120,1,GRAYSCALE,1
1656,1200,1,GRAYSCALE,2
1656,1216,1,GRAYSCALE,1
1656,1264,1,GRAYSCALE,1
1656,1288,1,GRAYSCALE,1
1656,1320,1,GRAYSCALE,1
1656,1336,1,GRAYSCALE,1
1656,1368,1,GRAYSCALE,1
1658,1010,1,GRAYSCALE,1
1658,1145,1,GRAYSCALE,1
1658,1183,1,GRAYSCALE,1
1658,1294,1,GRAYSCALE,1
1658,1407,1,GRAYSCALE,1
1658,1465,1,GRAYSCALE,1
1658,1534,1,GRAYSCALE,1
1662,1083,1,GRAYSCALE,1
1662,1099,1,GRAYSCALE,1
1662,1194,1,GRAYSCALE,1
1662,1214,1,GRAYSCALE,1
1662,1241,1,GRAYSCALE,1
1662,1276,1,GRAYSCALE,1
1662,1403,1,GRAYSCALE,1
1662,1585,1,GRAYSCALE,1
1663,1326,1,GRAYSCALE,1
1664,1000,1,GRAYSCALE,1
1664,1088,1,GRAYSCALE,1
1664,1096,1,GRAYSCALE,1
1664,1128,1,GRAYSCALE,1
1664,1136,1,GRAYSCALE,1
1664,1152,1,GRAYSCALE,1
1664,1176,1,GRAYSCALE,1
1664,1248,1,GRAYSCALE,1
1664,1264,1,GRAYSCALE,2
1664,1448,1,GRAYSCALE,1
1664,1456,1,GRAYSCALE,1
1664,1472,1,GRAYSCALE,1
1664,1496,1,GRAYSCALE,1
1664,832,1,GRAYSCALE,1
1666,1171,1,GRAYSCALE,1
1666,1176,1,GRAYSCALE,1
1666,1209,1,GRAYSCALE,1
1666,1252,1,GRAYSCALE,1
1666,1276,1,GRAYSCALE,1
1666,1290,1,GRAYSCALE,1
1666,1333,1,GRAYSCALE,1
1666,1360,1,GRAYSCALE,1
1666,1392,1,GRAYSCALE,1
1666,1433,1,GRAYSCALE,1
1666,1507,1,GRAYSCALE,1
1666,1537,1,GRAYSCALE,1
1670,1144,1,GRAYSCALE,1
1670,1245,1,GRAYSCALE,1
1670,1279,1,GRAYSCALE,1
1670,1302,1,GRAYSCALE,1
1670,1319,1,GRAYSCALE,1
1670,1330,1,GRAYSCALE,1
1670,1344,1,GRAYSCALE,1
1670,1348,1,GRAYSCALE,1
1672,1064,1,GRAYSCALE,1
1672,1184,1,GRAYSCALE,1
1672,1200,1,GRAYSCALE,1
1672,1328,1,GRAYSCALE,1
1672,1352,1,GRAYSCALE,1
1672,1432,1,GRAYSCALE,1
1672,1488,1,GRAYSCALE,1
1674,1064,1,GRAYSCALE,1
1674,1144,1,GRAYSCALE,1
1674,1291,1,GRAYSCALE,1
1674,1337,1,GRAYSCALE,1
1674,1493,1,GRAYSCALE,1
1675,1428,1,GRAYSCALE,1
1676,1129,1,GRAYSCALE,1
1676,1391,1,GRAYSCALE,1
1676,1400,1,GRAYSCALE,1
1676,1561,1,GRAYSCALE,1
1678,1129,1,GRAYSCALE,1
1678,1156,1,GRAYSCALE,1
1678,1195,1,GRAYSCALE,1
1678,1229,1,GRAYSCALE,1
1678,1368,1,GRAYSCALE,1
1678,1414,1,GRAYSCALE,1
1678,1480,1,GRAYSCALE,1
1678,1654,1,GRAYSCALE,1
1679,1914,1,GRAYSCALE,1
1680,1032,1,GRAYSCALE,1
1680,1168,1,GRAYSCALE,1
1680,1232,1,GRAYSCALE,1
1680,1256,1,GRAYSCALE,1
1680,1328,1,GRAYSCALE,1
1680,1336,1,GRAYSCALE,1
1680,1352,1,GRAYSCALE,1
1680,1353,1,GRAYSCALE,1
1680,1557,1,GRAYSCALE,1
1680,1600,1,GRAYSCALE,1
1680,1642,1,GRAYSCALE,1
1680,984,1,GRAYSCALE,1
1682,1241,1,GRAYSCALE,1
1682,1341,1,GRAYSCALE,1
1682,1380,1,GRAYSCALE,1
1682,1418,1,GRAYSCALE,1
1682,1519,1,GRAYSCALE,1
1682,1619,1,GRAYSCALE,1
1683,1361,1,GRAYSCALE,1
1684,1240,1,GRAYSCALE,1
1686,1122,1,GRAYSCALE,1
1686,1133,1,GRAYSCALE,1
1686,1160,1,GRAYSCALE,1
1686,1195,1,GRAYSCALE,1
1686,1231,1,GRAYSCALE,1
1686,1334,1,GRAYSCALE,1
1686,1337,1,GRAYSCALE,1
1687,1595,1,GRAYSCALE,1
1688,1105,1,GRAYSCALE,1
1688,1120,1,GRAYSCALE,1
1688,1136,1,GRAYSCALE,1
1688,1392,1,GRAYSCALE,1
1688,1422,1,GRAYSCALE,1
1688,1469,1,GRAYSCALE,1
1688,1488,1,GRAYSCALE,1
1688,1528,1,GRAYSCALE,1
1688,1542,1,GRAYSCALE,1
1690,1167,1,GRAYSCALE,1
1690,1187,1,GRAYSCALE,1
1690,1267,1,GRAYSCALE,1
1690,1306,1,GRAYSCALE,1
1690,1314,1,GRAYSCALE,1
1690,1334,1,GRAYSCALE,1
1690,1368,1,GRAYSCALE,1
1690,1383,1,GRAYSCALE,1
1690,1464,1,GRAYSCALE,1
1690,1538,1,GRAYSCALE,1
1692,1214,1,GRAYSCALE,1
1692,1221,1,GRAYSCALE,1
1692,1245,1,GRAYSCALE,1
1692,1295,1,GRAYSCALE,1
1692,1302,1,GRAYSCALE,1
1692,1341,1,GRAYSCALE,1
1692,1360,1,GRAYSCALE,1
1692,1364,1,GRAYSCALE,1
1692,1372,1,GRAYSCALE,1
1692,1383,1,GRAYSCALE,1
1692,1735,1,GRAYSCALE,1
1692,1878,1,GRAYSCALE,1
1693,1456,1,GRAYSCALE,1
1694,1182,1,GRAYSCALE,1
1696,1224,1,GRAYSCALE,1
1696,1248,1,GRAYSCALE,1
1696,1272,1,GRAYSCALE,1
1696,1287,1,GRAYSCALE,1
1696,1298,1,GRAYSCALE,1
1696,1310,1,GRAYSCALE,1
1696,1320,1,GRAYSCALE,1
1696,1330,1,GRAYSCALE,1
1696,1349,1,GRAYSCALE,1
1696,1432,1,GRAYSCALE,1
1696,1542,1,GRAYSCALE,1
1696,1568,1,GRAYSCALE,1
1696,1736,1,GRAYSCALE,1
1697,1159,1,GRAYSCALE,1
1697,1519,1,GRAYSCALE,1
1698,1473,1,GRAYSCALE,1
1700,1113,1,GRAYSCALE,1
1700,1178,1,GRAYSCALE,1
1700,1271,1,GRAYSCALE,1
1700,1302,1,GRAYSCALE,1
1700,1368,1,GRAYSCALE,1
1700,1379,1,GRAYSCALE,1
1700,1383,1,GRAYSCALE,1
1700,1437,1,GRAYSCALE,1
1704,1122,1,GRAYSCALE,1
1704,1156,1,GRAYSCALE,1
1704,1234,1,GRAYSCALE,1
1704,1256,1,GRAYSCALE,2
1704,1283,1,GRAYSCALE,1
1704,1288,1,GRAYSCALE,1
1704,1341,1,GRAYSCALE,1
1704,1344,1,GRAYSCALE,1
1704,1392,1,GRAYSCALE,1
1704,1435,1,GRAYSCALE,1
1704,1449,1,GRAYSCALE,1
1704,1487,1,GRAYSCALE,1
1704,1499,1,GRAYSCALE,1
1704,1544,1,GRAYSCALE,1
1704,1553,1,GRAYSCALE,1
1704,1616,1,GRAYSCALE,1
1708,1214,1,GRAYSCALE,1
1708,1248,1,GRAYSCALE,1
1708,1267,1,GRAYSCALE,1
1708,1400,1,GRAYSCALE,1
1708,1415,1,GRAYSCALE,1
1708,1434,1,GRAYSCALE,1
1708,1468,1,GRAYSCALE,1
1709,1787,1,GRAYSCALE,1
1712,1048,1,GRAYSCALE,1
1712,1136,1,GRAYSCALE,1
1712,1152,1,GRAYSCALE,1
1712,1224,1,GRAYSCALE,1
1712,1256,1,GRAYSCALE,1
1712,1259,1,GRAYSCALE,1
1712,1272,1,GRAYSCALE,1
1712,1330,1,GRAYSCALE,1
1712,1384,1,GRAYSCALE,1
1712,1392,1,GRAYSCALE,1
1712,1430,1,GRAYSCALE,1
1712,1488,1,GRAYSCALE,1
1712,1519,1,GRAYSCALE,1
1712,1534,1,GRAYSCALE,1
1716,1175,1,GRAYSCALE,1
1716,1202,1,GRAYSCALE,1
1716,1222,1,GRAYSCALE,1
1716,1225,1,GRAYSCALE,1
1716,1353,1,GRAYSCALE,1
1716,1489,1,GRAYSCALE,1
1716,1504,1,GRAYSCALE,1
1716,1523,1,GRAYSCALE,1
1716,1530,1,GRAYSCALE,1
1716,1569,1,GRAYSCALE,1
1720,1095,1,GRAYSCALE,1
1720,1112,1,GRAYSCALE,1
1720,1128,1,GRAYSCALE,1
1720,1152,1,GRAYSCALE,1
1720,1192,1,GRAYSCALE,1
1720,1240,1,GRAYSCALE,2
1720,1303,1,GRAYSCALE,1
1720,1306,1,GRAYSCALE,1
1720,1328,1,GRAYSCALE,1
1720,1348,1,GRAYSCALE,1
1720,1380,1,GRAYSCALE,1
1720,1449,1,GRAYSCALE,1
1720,1465,1,GRAYSCALE,1
1720,1507,1,GRAYSCALE,1
1720,1568,1,GRAYSCALE,1
1720,1642,1,GRAYSCALE,1
1720,992,1,GRAYSCALE,1
1724,1160,1,GRAYSCALE,1
1724,1248,1,GRAYSCALE,1
1724,1353,1,GRAYSCALE,1
1724,1395,1,GRAYSCALE,1
1724,1410,1,GRAYSCALE,1
1724,1422,1,GRAYSCALE,1
1724,1442,1,GRAYSCALE,1
1724,1476,1,GRAYSCALE,1
1724,1480,1,GRAYSCALE,1
1724,1534,1,GRAYSCALE,1
1724,1581,1,GRAYSCALE,1
1724,1588,1,GRAYSCALE,1
1724,1638,1,GRAYSCALE,1
1726,1505,1,GRAYSCALE,1
1728,1008,1,GRAYSCALE,1
1728,1168,1,GRAYSCALE,1
1728,1175,1,GRAYSCALE,1
1728,1222,1,GRAYSCALE,1
1728,1224,1,GRAYSCALE,1
1728,1249,1,GRAYSCALE,1
1728,1260,1,GRAYSCALE,1
1728,1296,1,GRAYSCALE,1
1728,1333,1,GRAYSCALE,1
1728,1392,1,GRAYSCALE,1
1728,1518,1,GRAYSCALE,1
1728,1522,1,GRAYSCALE,1
1728,1619,1,GRAYSCALE,1
1729,1668,1,GRAYSCALE,1
1732,1267,1,GRAYSCALE,1
1732,1662,1,GRAYSCALE,1
1732,1666,1,GRAYSCALE,1
1733,1044,1,GRAYSCALE,1
1733,1253,1,GRAYSCALE,1
1734,1426,1,GRAYSCALE,1
1736,1136,1,GRAYSCALE,1
1736,1216,1,GRAYSCALE,1
1736,1265,1,GRAYSCALE,1
1736,1328,1,GRAYSCALE,1
1736,1345,1,GRAYSCALE,1
1736,1365,1,GRAYSCALE,1
1736,1368,1,GRAYSCALE,1
1736,1399,1,GRAYSCALE,1
1736,1416,1,GRAYSCALE,1
1736,1424,1,GRAYSCALE,1
1736,1553,1,GRAYSCALE,1
1736,1752,1,GRAYSCALE,1
1736,1785,1,GRAYSCALE,1
1738,1296,1,GRAYSCALE,1
1738,1430,1,GRAYSCALE,1
1740,1246,1,GRAYSCALE,1
1740,1279,1,GRAYSCALE,1
1740,1291,1,GRAYSCALE,1
1740,1453,1,GRAYSCALE,1
1740,1541,1,GRAYSCALE,1
1740,1735,1,GRAYSCALE,1
1741,1504,1,GRAYSCALE,1
1741,1706,1,GRAYSCALE,1
1742,1322,1,GRAYSCALE,1
1742,1372,1,GRAYSCALE,1
1742,1392,1,GRAYSCALE,1
1742,1422,1,GRAYSCALE,1
1742,1684,1,GRAYSCALE,1
1744,1104,1,GRAYSCALE,1
1744,1168,1,GRAYSCALE,1
1744,1200,1,GRAYSCALE,1
1744,1224,1,GRAYSCALE,1
1744,1312,1,GRAYSCALE,1
1744,1337,1,GRAYSCALE,1
1744,1345,1,GRAYSCALE,1
1744,1388,1,GRAYSCALE,1
1744,1402,1,GRAYSCALE,1
1744,1422,1,GRAYSCALE,1
1744,1532,1,GRAYSCALE,1
1744,1769,1,GRAYSCALE,1
1746,1270,1,GRAYSCALE,1
1746,1279,1,GRAYSCALE,1
1746,1392,1,GRAYSCALE,1
1746,1442,1,GRAYSCALE,1
1746,1445,1,GRAYSCALE,1
1746,1523,1,GRAYSCALE,1
1746,1576,1,GRAYSCALE,1
1746,1812,1,GRAYSCALE,1
1748,1079,1,GRAYSCALE,1
1748,1202,1,GRAYSCALE,1
1748,1299,1,GRAYSCALE,1
1748,1377,1,GRAYSCALE,1
1748,1442,1,GRAYSCALE,1
1750,1314,1,GRAYSCALE,1
1750,1334,1,GRAYSCALE,2
1750,1480,1,GRAYSCALE,1
1750,1526,1,GRAYSCALE,1
1752,1160,1,GRAYSCALE,1
1752,1176,1,GRAYSCALE,1
1752,1192,1,GRAYSCALE,1
1752,1224,1,GRAYSCALE,1
1752,1264,1,GRAYSCALE,1
1752,1320,1,GRAYSCALE,2
1752,1384,1,GRAYSCALE,1
1752,1408,1,GRAYSCALE,1
1752,1480,1,GRAYSCALE,1
1754,1036,1,GRAYSCALE,1
1754,1178,1,GRAYSCALE,1
1754,1179,1,GRAYSCALE,1
1754,1187,1,GRAYSCALE,1
1754,1221,1,GRAYSCALE,1
1754,1318,1,GRAYSCALE,1
1754,1341,1,GRAYSCALE,1
1754,1352,1,GRAYSCALE,1
1754,1377,1,GRAYSCALE,1
1754,1395,1,GRAYSCALE,1
1754,1499,1,GRAYSCALE,1
1754,1615,1,GRAYSCALE,1
1754,1638,1,GRAYSCALE,1
1756,1484,1,GRAYSCALE,1
1758,1249,1,GRAYSCALE,1
1760,1168,1,GRAYSCALE,1
1760,1232,1,GRAYSCALE,1
1760,1280,1,GRAYSCALE,1
1760,1328,1,GRAYSCALE,1
1760,1352,1,GRAYSCALE,1
1760,1360,1,GRAYSCALE,1
1760,1432,1,GRAYSCALE,1
1762,1060,1,GRAYSCALE,1
1762,1224,1,GRAYSCALE,1
1762,1249,1,GRAYSCALE,1
1762,1264,1,GRAYSCALE,1
1762,1341,1,GRAYSCALE,1
1762,1391,1,GRAYSCALE,1
1762,1399,1,GRAYSCALE,1
1762,1430,1,GRAYSCALE,1
1762,1480,1,GRAYSCALE,1
1762,1506,1,GRAYSCALE,1
1762,1535,1,GRAYSCALE,1
1762,1715,1,GRAYSCALE,1
1766,1287,1,GRAYSCALE,1
1766,1349,1,GRAYSCALE,1
1766,1380,1,GRAYSCALE,1
1766,1403,1,GRAYSCALE,1
1766,1468,1,GRAYSCALE,1
1766,1503,1,GRAYSCALE,1
1766,1557,1,GRAYSCALE,1
1766,1611,1,GRAYSCALE,1
1767,1869,1,GRAYSCALE,1
1768,1072,1,GRAYSCALE,1
1768,1216,1,GRAYSCALE,1
1768,1488,1,GRAYSCALE,1
1768,1560,1,GRAYSCALE,1
1768,1712,1,GRAYSCALE,1
1770,1306,1,GRAYSCALE,1
1770,1325,1,GRAYSCALE,1
1770,1353,1,GRAYSCALE,1
1770,1387,1,GRAYSCALE,1
1770,1472,1,GRAYSCALE,1
1774,1225,1,GRAYSCALE,1
1774,1230,1,GRAYSCALE,1
1774,1318,1,GRAYSCALE,1
1774,1546,1,GRAYSCALE,1
1774,1588,1,GRAYSCALE,1
1774,1612,1,GRAYSCALE,1
1774,1662,1,GRAYSCALE,1
1774,1804,1,GRAYSCALE,1
1776,1210,1,GRAYSCALE,1
1776,1352,1,GRAYSCALE,1
1776,1416,1,GRAYSCALE,1
1776,1591,1,GRAYSCALE,1
1778,1168,1,GRAYSCALE,1
1778,1295,1,GRAYSCALE,1
1778,1318,1,GRAYSCALE,1
1778,1337,1,GRAYSCALE,1
1778,1356,1,GRAYSCALE,2
1778,1380,1,GRAYSCALE,1
1778,1461,1,GRAYSCALE,1
1778,1473,1,GRAYSCALE,1
1778,1492,1,GRAYSCALE,1
1778,1542,1,GRAYSCALE,1
1778,1754,1,GRAYSCALE,1
1782,1310,1,GRAYSCALE,1
1782,1391,1,GRAYSCALE,1
1782,1433,1,GRAYSCALE,1
1782,1434,1,GRAYSCALE,1
1782,1437,1,GRAYSCALE,1
1782,1460,1,GRAYSCALE,1
1782,1503,1,GRAYSCALE,1
1784,1184,1,GRAYSCALE,1
1784,1216,1,GRAYSCALE,1
1784,1389,1,GRAYSCALE,1
1784,1440,1,GRAYSCALE,1
1785,1585,1,GRAYSCALE,1
1786,1068,1,GRAYSCALE,1
1786,1175,1,GRAYSCALE,1
1786,1360,1,GRAYSCALE,1
1786,1437,1,GRAYSCALE,1
1786,1449,1,GRAYSCALE,1
1786,1500,1,GRAYSCALE,1
1788,1282,1,GRAYSCALE,1
1790,1132,1,GRAYSCALE,1
1790,1140,1,GRAYSCALE,1
1790,1145,1,GRAYSCALE,1
1790,1326,1,GRAYSCALE,1
1790,1441,1,GRAYSCALE,1
1790,1472,1,GRAYSCALE,1
1790,1519,1,GRAYSCALE,1
1790,1600,1,GRAYSCALE,1
1790,1654,1,GRAYSCALE,1
1792,1216,1,GRAYSCALE,1
1792,1232,1,GRAYSCALE,1
1792,1280,1,GRAYSCALE,1
1792,1422,1,GRAYSCALE,1
1792,1592,1,GRAYSCALE,1
1792,1600,1,GRAYSCALE,1
1792,1611,1,GRAYSCALE,1
1792,1623,1,GRAYSCALE,1
1794,1176,1,GRAYSCALE,1
1796,1283,1,GRAYSCALE,1
1796,1287,1,GRAYSCALE,1
1796,1372,1,GRAYSCALE,1
1796,1696,1,GRAYSCALE,1
1798,1130,1,GRAYSCALE,1
1798,1356,1,GRAYSCALE,1
1800,1256,1,GRAYSCALE,1
1800,1261,1,GRAYSCALE,1
1800,1384,1,GRAYSCALE,1
1800,1456,1,GRAYSCALE,1
1800,1499,1,GRAYSCALE,1
1800,1503,1,GRAYSCALE,1
1800,1512,1,GRAYSCALE,3
1800,1723,1,GRAYSCALE,1
1802,1110,1,GRAYSCALE,1
1802,1226,1,GRAYSCALE,1
1802,1333,1,GRAYSCALE,1
1802,1407,1,GRAYSCALE,1
1802,1422,1,GRAYSCALE,1
1802,1437,1,GRAYSCALE,1
1802,1514,1,GRAYSCALE,1
1803,1238,1,GRAYSCALE,1
1804,1314,1,GRAYSCALE,1
1804,1396,1,GRAYSCALE,1
1804,1453,1,GRAYSCALE,1
1804,1480,1,GRAYSCALE,1
1804,1510,1,GRAYSCALE,1
1804,1612,1,GRAYSCALE,1
1804,1758,1,GRAYSCALE,1
1805,1044,1,GRAYSCALE,1
1805,1421,1,GRAYSCALE,1
1806,1392,1,GRAYSCALE,1
1808,1280,1,GRAYSCALE,1
1808,1352,1,GRAYSCALE,1
1808,1383,1,GRAYSCALE,1
1808,1418,1,GRAYSCALE,1
1808,1432,1,GRAYSCALE,1
1808,1448,1,GRAYSCALE,1
1808,1456,1,GRAYSCALE,1
1808,1488,1,GRAYSCALE,1
1808,1507,1,GRAYSCALE,1
1808,1542,1,GRAYSCALE,1
1808,1604,1,GRAYSCALE,1
1808,1665,1,GRAYSCALE,1
1808,1666,1,GRAYSCALE,1
1810,1434,1,GRAYSCALE,1
1810,1545,1,GRAYSCALE,1
1812,1206,1,GRAYSCALE,1
1812,1325,1,GRAYSCALE,1
1812,1446,1,GRAYSCALE,1
1812,1476,1,GRAYSCALE,1
1812,1627,1,GRAYSCALE,1
1812,1693,1,GRAYSCALE,1
1816,1110,1,GRAYSCALE,1
1816,1157,1,GRAYSCALE,1
1816,1184,1,GRAYSCALE,1
1816,1216,1,GRAYSCALE,1
1816,1435,1,GRAYSCALE,1
1816,1488,1,GRAYSCALE,1
1816,1500,1,GRAYSCALE,1
1816,1534,1,GRAYSCALE,1
1816,1550,1,GRAYSCALE,1
1816,1554,1,GRAYSCALE,1
1816,1558,1,GRAYSCALE,1
1816,1607,1,GRAYSCALE,1
1816,1608,1,GRAYSCALE,1
1816,1627,1,GRAYSCALE,1
1816,1661,1,GRAYSCALE,1
1820,1153,1,GRAYSCALE,1
1820,1410,1,GRAYSCALE,1
1820,1476,1,GRAYSCALE,1
1820,1619,1,GRAYSCALE,1
1820,1670,1,GRAYSCALE,1
1822,1705,1,GRAYSCALE,1
1824,1040,1,GRAYSCALE,1
1824,1090,1,GRAYSCALE,1
1824,1125,1,GRAYSCALE,1
1824,1384,1,GRAYSCALE,1
1824,1426,1,GRAYSCALE,1
1824,1430,1,GRAYSCALE,1
1824,1565,1,GRAYSCALE,1
1824,1632,1,GRAYSCALE,2
1824,1672,1,GRAYSCALE,1
1824,1776,1,GRAYSCALE,1
1824,976,1,GRAYSCALE,1
1827,1044,1,GRAYSCALE,1
1827,1375,1,GRAYSCALE,1
1827,1641,1,GRAYSCALE,1
1828,1357,1,GRAYSCALE,1
1828,1437,1,GRAYSCALE,1
1828,1511,1,GRAYSCALE,1
1828,1515,1,GRAYSCALE,1
1828,1640,1,GRAYSCALE,1
1828,1654,1,GRAYSCALE,1
1828,1704,1,GRAYSCALE,1
1828,1781,1,GRAYSCALE,1
1832,1048,1,GRAYSCALE,1
1832,1224,1,GRAYSCALE,1
1832,1472,1,GRAYSCALE,1
1832,1488,1,GRAYSCALE,1
1836,1487,1,GRAYSCALE,1
1836,1535,1,GRAYSCALE,1
1836,1592,1,GRAYSCALE,2
1836,1604,1,GRAYSCALE,1
1836,1719,1,GRAYSCALE,1
1840,1283,1,GRAYSCALE,1
1840,1341,1,GRAYSCALE,1
1840,1350,1,GRAYSCALE,1
1840,1480,1,GRAYSCALE,1
1840,1499,1,GRAYSCALE,1
1840,1507,1,GRAYSCALE,1
1840,1511,1,GRAYSCALE,1
1840,1642,1,GRAYSCALE,1
1841,1447,1,GRAYSCALE,1
1844,1256,1,GRAYSCALE,1
1844,1272,1,GRAYSCALE,1
1844,1438,1,GRAYSCALE,1
1844,1468,1,GRAYSCALE,1
1844,1504,1,GRAYSCALE,1
1844,1573,1,GRAYSCALE,1
1845,1761,1,GRAYSCALE,1
1846,1488,1,GRAYSCALE,1
1846,1676,1,GRAYSCALE,1
1848,1392,1,GRAYSCALE,1
1848,1448,1,GRAYSCALE,2
1848,1472,1,GRAYSCALE,1
1848,1488,1,GRAYSCALE,1
1848,1495,1,GRAYSCALE,1
1848,1500,1,GRAYSCALE,1
1848,1576,1,GRAYSCALE,1
1848,1588,1,GRAYSCALE,1
1848,1632,1,GRAYSCALE,1
1848,1848,1,GRAYSCALE,1
1850,1314,1,GRAYSCALE,1
1850,1445,1,GRAYSCALE,1
1850,1746,1,GRAYSCALE,1
1850,1785,1,GRAYSCALE,1
1850,1793,1,GRAYSCALE,1
1852,1403,1,GRAYSCALE,1
1852,1433,1,GRAYSCALE,1
1852,1442,1,GRAYSCALE,1
1852,1443,1,GRAYSCALE,1
1852,1453,1,GRAYSCALE,1
1852,1943,1,GRAYSCALE,1
1854,1457,1,GRAYSCALE,1
1854,1495,1,GRAYSCALE,1
1854,1572,1,GRAYSCALE,1
1856,1312,1,GRAYSCALE,1
1856,1333,1,GRAYSCALE,1
1856,1418,1,GRAYSCALE,1
1856,1496,1,GRAYSCALE,1
1856,1536,1,GRAYSCALE,1
1857,1317,1,GRAYSCALE,1
1857,1815,1,GRAYSCALE,1
1858,1295,1,GRAYSCALE,1
1858,1380,1,GRAYSCALE,1
1858,1480,1,GRAYSCALE,1
1858,1500,1,GRAYSCALE,1
1858,1680,1,GRAYSCALE,1
1858,1692,1,GRAYSCALE,1
1860,1569,1,GRAYSCALE,1
1862,1326,1,GRAYSCALE,1
1862,1429,1,GRAYSCALE,1
1862,1441,1,GRAYSCALE,1
1863,1785,1,GRAYSCALE,1
1864,1544,1,GRAYSCALE,1
1864,1648,1,GRAYSCALE,1
1866,1302,1,GRAYSCALE,1
1866,1311,1,GRAYSCALE,1
1866,1595,1,GRAYSCALE,1
1866,1654,1,GRAYSCALE,1
1870,1282,1,GRAYSCALE,1
1870,1287,1,GRAYSCALE,1
1870,1380,1,GRAYSCALE,1
1870,1495,1,GRAYSCALE,1
1870,1605,1,GRAYSCALE,1
1870,1612,1,GRAYSCALE,1
1870,1638,1,GRAYSCALE,1
1870,1785,1,GRAYSCALE,1
1870,1905,1,GRAYSCALE,1
1872,1264,1,GRAYSCALE,1
1873,1478,1,GRAYSCALE,1
1873,1764,1,GRAYSCALE,1
1874,1187,1,GRAYSCALE,1
1874,1670,1,GRAYSCALE,1
1874,1735,1,GRAYSCALE,1
1874,1774,1,GRAYSCALE,1
1874,1836,1,GRAYSCALE,1
1876,1893,1,GRAYSCALE,1
1878,1331,1,GRAYSCALE,1
1878,1647,1,GRAYSCALE,1
1878,1654,1,GRAYSCALE,1
1878,1729,1,GRAYSCALE,1
1880,1552,1,GRAYSCALE,1
1880,1584,1,GRAYSCALE,1
1880,1592,1,GRAYSCALE,1
1882,1329,1,GRAYSCALE,1
1882,1353,1,GRAYSCALE,1
1882,1418,1,GRAYSCALE,1
1882,1480,1,GRAYSCALE,1
1882,1557,1,GRAYSCALE,1
1882,1608,1,GRAYSCALE,1
1882,1653,1,GRAYSCALE,1
1882,1692,1,GRAYSCALE,1
1882,1812,1,GRAYSCALE,1
1882,1855,1,GRAYSCALE,1
1886,1357,1,GRAYSCALE,1
1886,1406,1,GRAYSCALE,1
1886,1573,1,GRAYSCALE,1
1886,1916,1,GRAYSCALE,1
1888,1424,1,GRAYSCALE,1
1888,1440,1,GRAYSCALE,1
1890,1334,1,GRAYSCALE,1
1890,1357,1,GRAYSCALE,1
1890,1615,1,GRAYSCALE,1
1894,1597,1,GRAYSCALE,1
1894,1688,1,GRAYSCALE,1
1896,1056,1,GRAYSCALE,1
1896,1360,1,GRAYSCALE,1
1896,1640,1,GRAYSCALE,1
1896,1752,1,GRAYSCALE,1
1898,1403,1,GRAYSCALE,1
1898,1565,1,GRAYSCALE,1
1898,1739,1,GRAYSCALE,1
1898,1804,1,GRAYSCALE,1
1898,1854,1,GRAYSCALE,1
1902,1495,1,GRAYSCALE,1
1902,1499,1,GRAYSCALE,1
1902,1595,1,GRAYSCALE,1
1902,1608,1,GRAYSCALE,1
1902,1665,1,GRAYSCALE,1
1902,1854,1,GRAYSCALE,1
1904,1422,1,GRAYSCALE,1
1904,1461,1,GRAYSCALE,1
1904,1480,1,GRAYSCALE,1
1904,1534,1,GRAYSCALE,1
1904,1560,1,GRAYSCALE,1
1904,1744,1,GRAYSCALE,1
1906,1527,1,GRAYSCALE,1
1906,1627,1,GRAYSCALE,1
1906,1909,1,GRAYSCALE,1
1908,1476,1,GRAYSCALE,1
1910,1303,1,GRAYSCALE,1
1910,1661,1,GRAYSCALE,1
1911,1806,1,GRAYSCALE,1
1912,1708,1,GRAYSCALE,1
1912,1739,1,GRAYSCALE,1
1912,1768,1,GRAYSCALE,1
1912,1928,1,GRAYSCALE,1
1914,1581,1,GRAYSCALE,1
1916,1488,1,GRAYSCALE,1
1916,1677,1,GRAYSCALE,1
1916,2059,1,GRAYSCALE,1
1917,1432,1,GRAYSCALE,1
1918,1569,1,GRAYSCALE,1
1920,1708,1,GRAYSCALE,1
1920,1750,1,GRAYSCALE,1
1920,1801,1,GRAYSCALE,1
1920,1816,1,GRAYSCALE,1
1920,1854,1,GRAYSCALE,1
1920,1920,1,GRAYSCALE,1
1924,1356,1,GRAYSCALE,1
1924,1580,1,GRAYSCALE,1
1924,1623,1,GRAYSCALE,1
1924,1797,1,GRAYSCALE,1
1924,2102,1,GRAYSCALE,1
1928,1303,1,GRAYSCALE,1
1928,1349,1,GRAYSCALE,1
1928,1631,1,GRAYSCALE,1
1928,1738,1,GRAYSCALE,1
1928,1754,1,GRAYSCALE,1
1928,1756,1,GRAYSCALE,1
1928,964,1,GRAYSCALE,1
1929,1802,1,GRAYSCALE,1
1932,1561,1,GRAYSCALE,1
1932,1712,1,GRAYSCALE,1
1932,1743,1,GRAYSCALE,1
1932,1908,1,GRAYSCALE,1
1936,1536,1,GRAYSCALE,1
1936,1554,1,GRAYSCALE,1
1936,1612,1,GRAYSCALE,1
1936,1669,1,GRAYSCALE,1
1936,1677,1,GRAYSCALE,1
1940,1469,1,GRAYSCALE,1
1940,1489,1,GRAYSCALE,1
1940,1503,1,GRAYSCALE,1
1940,1522,1,GRAYSCALE,1
1940,1755,1,GRAYSCALE,1
1940,1761,1,GRAYSCALE,1
1940,1816,1,GRAYSCALE,1
1944,1367,1,GRAYSCALE,1
1944,1518,1,GRAYSCALE,1
1944,1555,1,GRAYSCALE,1
1944,1560,1,GRAYSCALE,1
1944,1576,1,GRAYSCALE,1
1944,1708,1,GRAYSCALE,1
1944,1746,1,GRAYSCALE,1
1948,1576,1,GRAYSCALE,1
1948,1670,1,GRAYSCALE,1
1948,1905,1,GRAYSCALE,1
1949,1632,1,GRAYSCALE,1
1952,1296,1,GRAYSCALE,1
1952,1496,1,GRAYSCALE,1
1952,1600,1,GRAYSCALE,1
1952,1619,1,GRAYSCALE,1
1952,1777,1,GRAYSCALE,1
1952,1967,1,GRAYSCALE,1
1953,1692,1,GRAYSCALE,1
1954,1279,1,GRAYSCALE,1
1955,1672,1,GRAYSCALE,1
1956,1476,1,GRAYSCALE,1
1956,1596,1,GRAYSCALE,1
1956,1634,1,GRAYSCALE,1
1960,1416,1,GRAYSCALE,1
1960,1600,1,GRAYSCALE,1
1960,1648,1,GRAYSCALE,1
1960,1688,1,GRAYSCALE,1
1960,1920,1,GRAYSCALE,1
1960,1992,1,GRAYSCALE,1
1962,2169,1,GRAYSCALE,2
1964,1611,1,GRAYSCALE,1
1964,1692,1,GRAYSCALE,1
1966,1499,1,GRAYSCALE,1
1968,1484,1,GRAYSCALE,2
1968,1688,1,GRAYSCALE,1
1970,1554,1,GRAYSCALE,1
1970,2085,1,GRAYSCALE,1
1971,1526,1,GRAYSCALE,1
1972,1719,1,GRAYSCALE,1
1974,1226,1,GRAYSCALE,1
1974,1306,1,GRAYSCALE,1
1974,1627,1,GRAYSCALE,1
1974,1720,1,GRAYSCALE,1
1974,2175,1,GRAYSCALE,1
1976,1496,1,GRAYSCALE,1
1978,1619,1,GRAYSCALE,1
1978,1766,1,GRAYSCALE,1
1978,1777,1,GRAYSCALE,1
1979,1978,1,GRAYSCALE,1
1982,1603,1,GRAYSCALE,1
1982,1751,1,GRAYSCALE,1
1982,1804,1,GRAYSCALE,1
1984,1559,1,GRAYSCALE,1
1984,1576,1,GRAYSCALE,1
1984,1840,1,GRAYSCALE,1
1985,1533,1,GRAYSCALE,1
1986,1604,1,GRAYSCALE,1
1990,1419,1,GRAYSCALE,1
1990,1666,1,GRAYSCALE,1
1992,1620,1,GRAYSCALE,1
1994,1839,1,GRAYSCALE,1
1994,1865,1,GRAYSCALE,1
1998,1361,1,GRAYSCALE,1
2000,1424,1,GRAYSCALE,1
2000,1456,1,GRAYSCALE,1
2000,1688,1,GRAYSCALE,1
2000,1896,1,GRAYSCALE,1
2001,1725,1,GRAYSCALE,1
2002,1786,1,GRAYSCALE,1
2006,1461,1,GRAYSCALE,1
2006,1647,1,GRAYSCALE,1
2006,1878,1,GRAYSCALE,1
2008,1440,1,GRAYSCALE,1
2008,1448,1,GRAYSCALE,1
2008,2096,1,GRAYSCALE,1
2010,1705,1,GRAYSCALE,1
2010,1747,1,GRAYSCALE,1
2012,1457,1,GRAYSCALE,1
2014,1375,1,GRAYSCALE,1
2014,1577,1,GRAYSCALE,1
2014,1746,1,GRAYSCALE,1
2016,1603,1,GRAYSCALE,1
2016,2184,1,GRAYSCALE,1
2018,1881,1,GRAYSCALE,1
2018,1920,1,GRAYSCALE,1
2020,1565,1,GRAYSCALE,1
2020,1700,1,GRAYSCALE,1
2022,1299,1,GRAYSCALE,1
2022,1384,1,GRAYSCALE,1
2022,1445,1,GRAYSCALE,1
2022,1577,1,GRAYSCALE,1
2022,1619,1,GRAYSCALE,1
2022,1947,1,GRAYSCALE,1
2022,2071,1,GRAYSCALE,1
2024,1836,1,GRAYSCALE,1
2024,1963,1,GRAYSCALE,1
2024,2036,1,GRAYSCALE,1
2026,1412,1,GRAYSCALE,1
2026,1468,1,GRAYSCALE,1
2028,1538,1,GRAYSCALE,1
2028,1742,1,GRAYSCALE,1
2031,1693,1,GRAYSCALE,1
2031,1837,1,GRAYSCALE,1
2032,2016,1,GRAYSCALE,1
2034,1392,1,GRAYSCALE,1
2034,1761,1,GRAYSCALE,1
2035,1526,1,GRAYSCALE,1
2036,1627,1,GRAYSCALE,1
2036,1908,1,GRAYSCALE,1
2040,1619,1,GRAYSCALE,1
2040,2059,1,GRAYSCALE,1
2043,1217,1,GRAYSCALE,1
2043,2087,1,GRAYSCALE,1
2048,1448,1,GRAYSCALE,1
2048,1656,1,GRAYSCALE,1
2048,1777,1,GRAYSCALE,1
2048,1804,1,GRAYSCALE,1
2048,1882,1,GRAYSCALE,1
2050,1497,1,GRAYSCALE,1
2051,1417,1,GRAYSCALE,1
2052,1361,1,GRAYSCALE,1
2053,1818,1,GRAYSCALE,1
2056,1673,1,GRAYSCALE,1
2056,1793,1,GRAYSCALE,1
2056,1866,1,GRAYSCALE,1
2056,2104,1,GRAYSCALE,1
2056,2206,1,GRAYSCALE,1
2060,1558,1,GRAYSCALE,1
2060,1839,1,GRAYSCALE,1
2064,1632,1,GRAYSCALE,1
2064,1750,1,GRAYSCALE,1
2064,1951,1,GRAYSCALE,1
2068,1982,1,GRAYSCALE,1
2070,1550,1,GRAYSCALE,1
2071,1296,1,GRAYSCALE,1
2072,1440,1,GRAYSCALE,2
2072,1768,1,GRAYSCALE,1
2076,1576,1,GRAYSCALE,1
2078,1801,1,GRAYSCALE,1
2078,2047,1,GRAYSCALE,1
2078,2067,1,GRAYSCALE,1
2080,1680,1,GRAYSCALE,1
2080,1731,1,GRAYSCALE,1
2080,1736,1,GRAYSCALE,1
2080,1781,1,GRAYSCALE,1
2080,2032,1,GRAYSCALE,1
2088,1728,1,GRAYSCALE,1
2088,1840,1,GRAYSCALE,1
2088,2074,1,GRAYSCALE,1
2090,1743,1,GRAYSCALE,1
2090,1785,1,GRAYSCALE,1
2090,1858,1,GRAYSCALE,1
2090,1932,1,GRAYSCALE,1
2091,2326,1,GRAYSCALE,1
2093,1404,1,GRAYSCALE,1
2093,1764,1,GRAYSCALE,1
2094,1551,1,GRAYSCALE,1
2094,1912,1,GRAYSCALE,1
2096,1709,1,GRAYSCALE,1
2096,1864,1,GRAYSCALE,1
2098,1770,1,GRAYSCALE,1
2101,1606,1,GRAYSCALE,1
2102,1654,1,GRAYSCALE,1
2102,1974,1,GRAYSCALE,1
2106,1719,1,GRAYSCALE,1
2106,1986,1,GRAYSCALE,1
2110,1700,1,GRAYSCALE,1
2111,1509,1,GRAYSCALE,1
2114,1681,1,GRAYSCALE,1
2114,1758,1,GRAYSCALE,1
2114,1812,1,GRAYSCALE,1
2114,1866,1,GRAYSCALE,1
2115,1792,1,GRAYSCALE,1
2118,1522,1,GRAYSCALE,1
2120,2283,1,GRAYSCALE,1
2124,1630,1,GRAYSCALE,1
2126,1226,1,GRAYSCALE,1
2126,1345,1,GRAYSCALE,1
2128,1630,1,GRAYSCALE,1
2132,2017,1,GRAYSCALE,1
2134,1827,1,GRAYSCALE,1
2134,2376,1,GRAYSCALE,1
2136,1650,1,GRAYSCALE,1
2136,1713,1,GRAYSCALE,1
2138,1928,1,GRAYSCALE,1
2143,1576,1,GRAYSCALE,1
2144,1805,1,GRAYSCALE,1
2144,1916,1,GRAYSCALE,1
2144,2028,1,GRAYSCALE,1
2144,2129,1,GRAYSCALE,1
2148,1496,1,GRAYSCALE,1
2148,1600,1,GRAYSCALE,1
2148,1773,1,GRAYSCALE,1
2148,1820,1,GRAYSCALE,1
2153,1793,1,GRAYSCALE,1
2156,1936,1,GRAYSCALE,1
2160,2304,1,GRAYSCALE,1
2164,1746,1,GRAYSCALE,1
2165,1749,1,GRAYSCALE,1
2165,1907,1,GRAYSCALE,1
2170,1953,1,GRAYSCALE,1
2172,1615,1,GRAYSCALE,1
2172,1963,1,GRAYSCALE,1
2176,1658,1,GRAYSCALE,1
2178,1970,1,GRAYSCALE,1
2179,1604,1,GRAYSCALE,1
2180,1955,1,GRAYSCALE,1
2180,2085,1,GRAYSCALE,1
2185,1942,1,GRAYSCALE,1
2186,2086,1,GRAYSCALE,1
2187,1332,1,GRAYSCALE,1
2192,2272,1,GRAYSCALE,1
2194,1966,1,GRAYSCALE,1
2194,2094,1,GRAYSCALE,1
2198,1485,1,GRAYSCALE,1
2202,2129,1,GRAYSCALE,1
2206,1720,1,GRAYSCALE,1
2214,1715,1,GRAYSCALE,1
2214,1945,1,GRAYSCALE,1
2214,1974,1,GRAYSCALE,1
2216,1953,1,GRAYSCALE,1
2218,2183,1,GRAYSCALE,1
2222,1669,1,GRAYSCALE,1
2226,1731,1,GRAYSCALE,1
2226,2013,1,GRAYSCALE,1
2234,1843,1,GRAYSCALE,1
2244,2030,1,GRAYSCALE,1
2251,1828,1,GRAYSCALE,1
2251,1853,1,GRAYSCALE,1
2252,1913,1,GRAYSCALE,1
2252,1936,1,GRAYSCALE,1
2258,2109,1,GRAYSCALE,1
2260,2237,1,GRAYSCALE,1
2264,1900,1,GRAYSCALE,1
2266,1843,1,GRAYSCALE,1
2268,1959,1,GRAYSCALE,1
2271,1827,1,GRAYSCALE,1
2272,1989,1,GRAYSCALE,1
2273,1505,1,GRAYSCALE,1
2276,2221,1,GRAYSCALE,1
2280,2066,1,GRAYSCALE,1
2288,2363,1,GRAYSCALE,1
2292,1893,1,GRAYSCALE,1
2297,2032,1,GRAYSCALE,1
2302,1514,1,GRAYSCALE,1
2302,1663,1,GRAYSCALE,1
2304,2086,1,GRAYSCALE,1
2309,1915,1,GRAYSCALE,1
2309,2601,1,GRAYSCALE,1
2318,2411,1,GRAYSCALE,1
2323,1893,1,GRAYSCALE,1
2334,1956,1,GRAYSCALE,1
2338,1970,1,GRAYSCALE,1
2338,2025,1,GRAYSCALE,1
2340,2431,1,GRAYSCALE,1
2342,2399,1,GRAYSCALE,1
2343,2139,1,GRAYSCALE,1
2344,1855,1,GRAYSCALE,1
2345,1936,1,GRAYSCALE,1
2346,2032,1,GRAYSCALE,1
2348,1851,1,GRAYSCALE,1
2352,2166,1,GRAYSCALE,1
2358,1673,1,GRAYSCALE,1
2358,1959,1,GRAYSCALE,1
2359,2234,1,GRAYSCALE,1
2362,2187,1,GRAYSCALE,1
2366,2152,1,GRAYSCALE,1
2373,2663,1,GRAYSCALE,1
2380,2074,1,GRAYSCALE,1
2381,1965,1,GRAYSCALE,1
2396,1990,1,GRAYSCALE,1
2400,2121,1,GRAYSCALE,1
2414,1731,1,GRAYSCALE,1
2414,2132,1,GRAYSCALE,1
2418,2260,1,GRAYSCALE,1
2426,2076,1,GRAYSCALE,1
2427,2374,1,GRAYSCALE,1
2428,2540,1,GRAYSCALE,2
2431,2195,1,GRAYSCALE,1
2434,2376,1,GRAYSCALE,1
2434,2418,1,GRAYSCALE,1
2442,2226,1,GRAYSCALE,1
2444,2155,1,GRAYSCALE,1
2446,2224,1,GRAYSCALE,1
2450,2145,1,GRAYSCALE,1
2450,2325,1,GRAYSCALE,1
2458,1870,1,GRAYSCALE,1
2474,2224,1,GRAYSCALE,1
2480,1924,1,GRAYSCALE,1
2480,2329,1,GRAYSCALE,1
2482,2570,1,GRAYSCALE,1
2496,2296,1,GRAYSCALE,1
2498,2057,1,GRAYSCALE,1
2510,2543,1,GRAYSCALE,1
2512,2012,1,GRAYSCALE,1
2514,2264,1,GRAYSCALE,1
2517,1979,1,GRAYSCALE,2
2517,2310,1,GRAYSCALE,1
2517,2713,1,GRAYSCALE,1
2518,2364,1,GRAYSCALE,1
2522,2124,1,GRAYSCALE,1
2534,2169,1,GRAYSCALE,1
2538,1897,1,GRAYSCALE,1
2553,2305,1,GRAYSCALE,1
2564,2519,1,GRAYSCALE,1
2566,1909,1,GRAYSCALE,1
2566,2321,1,GRAYSCALE,1
2572,2476,1,GRAYSCALE,1
2619,2628,1,GRAYSCALE,1
2624,1893,1,GRAYSCALE,1
2633,2578,1,GRAYSCALE,1
2637,1905,1,GRAYSCALE,1
2667,2280,1,GRAYSCALE,1
2694,2625,1,GRAYSCALE,1
2720,2458,1,GRAYSCALE,1
2721,2438,1,GRAYSCALE,1
2746,2382,1,GRAYSCALE,1
2752,1882,1,GRAYSCALE,1
2772,2098,1,GRAYSCALE,1
2844,2067,1,GRAYSCALE,1
2890,2534,1,GRAYSCALE,1
2916,2583,1,GRAYSCALE,1
384,127,3,RGB,1
399,164,3,RGB,1
400,138,3,RGB,1
407,178,3,RGB,1
415,354,3,RGB,1
428,172,3,RGB,1
428,256,3,RGB,1
437,144,3,RGB,1
438,168,3,RGB,1
438,179,3,RGB,1
438,190,3,RGB,1
439,227,3,RGB,1
441,255,3,RGB,1
444,262,3,RGB,1
445,140,3,RGB,1
445,187,3,RGB,1
445,199,3,RGB,1
445,232,3,RGB,1
446,132,3,RGB,1
446,232,3,RGB,1
448,173,3,RGB,1
450,230,3,RGB,1
450,250,3,RGB,1
452,180,3,RGB,1
453,182,3,RGB,1
455,178,3,RGB,1
456,280,3,RGB,1
457,295,3,RGB,1
460,157,3,RGB,1
461,175,3,RGB,1
462,200,3,RGB,1
462,238,3,RGB,1
462,241,3,RGB,1
467,217,3,RGB,1
468,242,3,RGB,1
469,270,3,RGB,1
479,211,3,RGB,1
480,167,3,RGB,1
481,234,3,RGB,1
482,163,3,RGB,1
482,209,3,RGB,1
483,178,3,RGB,1
485,229,3,RGB,1
486,186,3,RGB,1
486,191,3,RGB,1
490,189,3,RGB,1
492,156,3,RGB,1
493,289,3,RGB,1
494,151,3,RGB,1
494,196,3,RGB,1
496,240,3,RGB,1
499,188,3,RGB,1
499,261,3,RGB,1
500,198,3,RGB,1
500,244,3,RGB,1
500,250,3,RGB,1
502,307,3,RGB,1
503,260,3,RGB,1
507,244,3,RGB,1
508,206,3,RGB,1
508,218,3,RGB,1
514,269,3,RGB,1
514,275,3,RGB,1
525,282,3,RGB,1
527,219,3,RGB,1
529,207,3,RGB,1
532,255,3,RGB,1
546,219,3,RGB,1
549,229,3,RGB,1
550,276,3,RGB,1
550,279,3,RGB,1
557,177,3,RGB,1
564,194,3,RGB,1
567,258,3,RGB,1
570,305,3,RGB,1
571,310,3,RGB,1
577,260,3,RGB,1
580,294,3,RGB,1
607,347,3,RGB,1
620,359,3,RGB,1
635,448,3,RGB,1
640,317,3,RGB,1
645,329,3,RGB,1
645,462,3,RGB,1
647,329,3,RGB,1
649,334,3,RGB,1
650,378,3,RGB,1
654,389,3,RGB,1
659,363,3,RGB,1
663,431,3,RGB,1
664,360,1,GRAYSCALE,1
664,472,1,GRAYSCALE,1
666,441,3,RGB,1
667,322,3,RGB,1
668,375,3,RGB,1
668,408,3,RGB,1
671,393,3,RGB,1
679,304,3,RGB,1
679,542,3,RGB,1
687,425,3,RGB,1
689,366,3,RGB,1
692,383,3,RGB,1
693,356,3,RGB,1
697,449,3,RGB,1
698,413,3,RGB,1
699,454,3,RGB,1
700,463,3,RGB,1
703,457,3,RGB,1
703,511,3,RGB,1
705,373,3,RGB,1
708,292,3,RGB,1
709,500,3,RGB,1
711,353,3,RGB,1
711,537,3,RGB,1
712,439,3,RGB,1
712,464,1,GRAYSCALE,1
713,353,3,RGB,1
714,503,3,RGB,1
716,444,3,RGB,1
718,401,3,RGB,1
720,325,3,RGB,1
720,441,3,RGB,1
721,349,3,RGB,1
722,427,3,RGB,1
723,507,3,RGB,1
724,286,3,RGB,1
726,436,3,RGB,1
728,368,1,GRAYSCALE,1
728,392,1,GRAYSCALE,1
728,464,1,GRAYSCALE,1
732,458,3,RGB,1
734,307,3,RGB,1
735,467,3,RGB,1
736,432,1,GRAYSCALE,1
736,437,3,RGB,1
736,480,1,GRAYSCALE,1
738,427,3,RGB,1
738,543,3,RGB,1
741,421,3,RGB,1
742,473,3,RGB,1
742,515,3,RGB,1
743,453,3,RGB,1
744,416,1,GRAYSCALE,1
744,424,1,GRAYSCALE,1
745,467,3,RGB,1
747,464,3,RGB,1
749,459,3,RGB,1
750,440,3,RGB,1
752,392,1,GRAYSCALE,1
752,576,1,GRAYSCALE,1
752,592,1,GRAYSCALE,1
754,411,3,RGB,1
756,544,3,RGB,1
759,409,3,RGB,1
759,504,3,RGB,1
759,618,3,RGB,1
760,440,1,GRAYSCALE,1
760,488,1,GRAYSCALE,1
760,512,1,GRAYSCALE,1
763,440,3,RGB,1
764,515,3,RGB,1
765,375,3,RGB,1
765,594,3,RGB,1
766,470,3,RGB,1
768,424,1,GRAYSCALE,1
768,480,1,GRAYSCALE,1
768,552,3,RGB,1
771,447,3,RGB,1
776,488,1,GRAYSCALE,1
777,531,3,RGB,1
778,631,3,RGB,1
781,476,3,RGB,1
784,496,1,GRAYSCALE,1
784,552,1,GRAYSCALE,1
788,496,3,RGB,1
789,469,3,RGB,1
790,472,3,RGB,1
790,519,3,RGB,1
791,524,3,RGB,1
791,615,3,RGB,1
792,448,1,GRAYSCALE,1
792,560,1,GRAYSCALE,1
792,584,1,GRAYSCALE,1
795,427,3,RGB,1
795,491,3,RGB,1
795,612,3,RGB,1
796,469,3,RGB,1
796,548,3,RGB,1
800,472,1,GRAYSCALE,1
800,512,1,GRAYSCALE,1
800,528,1,GRAYSCALE,1
800,552,1,GRAYSCALE,1
800,608,1,GRAYSCALE,1
800,640,1,GRAYSCALE,1
801,493,3,RGB,1
801,541,3,RGB,1
803,452,3,RGB,1
806,554,3,RGB,1
808,488,1,GRAYSCALE,1
808,552,1,GRAYSCALE,1
808,597,3,RGB,1
809,476,3,RGB,1
810,391,3,RGB,1
812,678,3,RGB,1
816,368,1,GRAYSCALE,1
816,456,1,GRAYSCALE,1
816,480,1,GRAYSCALE,1
816,504,1,GRAYSCALE,1
816,512,1,GRAYSCALE,1
816,568,1,GRAYSCALE,1
816,576,1,GRAYSCALE,1
816,584,1,GRAYSCALE,2
816,616,1,GRAYSCALE,1
817,531,3,RGB,1
819,519,3,RGB,1
821,490,3,RGB,1
823,459,3,RGB,1
823,655,3,RGB,1
824,424,1,GRAYSCALE,1
824,472,1,GRAYSCALE,1
824,512,1,GRAYSCALE,1
824,528,1,GRAYSCALE,1
824,529,3,RGB,1
824,536,1,GRAYSCALE,1
824,552,1,GRAYSCALE,1
824,560,1,GRAYSCALE,1
824,568,1,GRAYSCALE,2
824,584,1,GRAYSCALE,1
824,608,1,GRAYSCALE,1
824,616,1,GRAYSCALE,1
824,640,1,GRAYSCALE,2
824,656,1,GRAYSCALE,2
824,688,1,GRAYSCALE,1
824,712,1,GRAYSCALE,1
827,463,3,RGB,1
828,485,3,RGB,1
828,525,3,RGB,1
830,496,3,RGB,1
831,529,3,RGB,1
831,603,3,RGB,1
832,416,1,GRAYSCALE,1
832,440,1,GRAYSCALE,1
832,448,1,GRAYSCALE,1
832,504,1,GRAYSCALE,2
832,512,1,GRAYSCALE,2
832,520,1,GRAYSCALE,1
832,528,1,GRAYSCALE,1
832,552,1,GRAYSCALE,1
832,568,1,GRAYSCALE,1
832,583,3,RGB,1
832,584,1,GRAYSCALE,2
832,592,1,GRAYSCALE,1
832,632,1,GRAYSCALE,1
832,640,1,GRAYSCALE,1
832,672,1,GRAYSCALE,1
836,521,3,RGB,1
838,498,3,RGB,1
840,456,1,GRAYSCALE,1
840,464,1,GRAYSCALE,2
840,488,1,GRAYSCALE,2
840,504,1,GRAYSCALE,1
840,512,1,GRAYSCALE,1
840,528,1,GRAYSCALE,1
840,536,1,GRAYSCALE,1
840,544,1,GRAYSCALE,2
840,548,3,RGB,1
840,560,1,GRAYSCALE,1
840,584,1,GRAYSCALE,1
840,600,1,GRAYSCALE,3
840,603,3,RGB,1
840,648,1,GRAYSCALE,1
840,672,1,GRAYSCALE,1
841,521,3,RGB,1
841,528,3,RGB,1
842,496,3,RGB,1
843,484,3,RGB,1
843,507,3,RGB,1
845,556,3,RGB,1
846,468,3,RGB,1
846,539,3,RGB,1
848,488,1,GRAYSCALE,1
848,496,1,GRAYSCALE,1
848,504,1,GRAYSCALE,1
848,544,1,GRAYSCALE,2
848,552,1,GRAYSCALE,1
848,560,1,GRAYSCALE,1
848,584,1,GRAYSCALE,2
848,600,1,GRAYSCALE,2
848,616,1,GRAYSCALE,1
848,624,1,GRAYSCALE,1
848,632,1,GRAYSCALE,2
848,640,1,GRAYSCALE,2
848,648,1,GRAYSCALE,1
848,704,1,GRAYSCALE,2
850,534,3,RGB,1
850,560,3,RGB,1
851,704,3,RGB,1
852,444,3,RGB,1
854,543,3,RGB,1
855,507,3,RGB,1
856,456,1,GRAYSCALE,1
856,464,1,GRAYSCALE,1
856,472,1,GRAYSCALE,2
856,475,3,RGB,1
856,480,1,GRAYSCALE,2
856,485,3,RGB,1
856,496,1,GRAYSCALE,1
856,512,1,GRAYSCALE,1
856,528,1,GRAYSCALE,1
856,536,1,GRAYSCALE,2
856,544,1,GRAYSCALE,1
856,552,1,GRAYSCALE,1
856,568,1,GRAYSCALE,3
856,577,3,RGB,1
856,592,1,GRAYSCALE,2
856,608,1,GRAYSCALE,2
856,616,1,GRAYSCALE,1
856,624,1,GRAYSCALE,1
856,632,1,GRAYSCALE,1
856,648,1,GRAYSCALE,1
856,696,1,GRAYSCALE,1
858,522,3,RGB,1
860,500,3,RGB,1
861,543,3,RGB,1
861,626,3,RGB,1
862,528,3,RGB,1
863,574,3,RGB,1
864,408,1,GRAYSCALE,1
864,464,1,GRAYSCALE,1
864,480,1,GRAYSCALE,1
864,496,1,GRAYSCALE,1
864,520,1,GRAYSCALE,1
864,528,1,GRAYSCALE,3
864,535,3,RGB,1
864,544,1,GRAYSCALE,1
864,560,1,GRAYSCALE,2
864,576,1,GRAYSCALE,1
864,584,1,GRAYSCALE,1
864,640,1,GRAYSCALE,1
864,664,1,GRAYSCALE,1
864,672,1,GRAYSCALE,1
869,553,3,RGB,1
869,563,3,RGB,1
870,591,3,RGB,1
871,488,3,RGB,1
872,504,1,GRAYSCALE,1
872,512,1,GRAYSCALE,1
872,528,1,GRAYSCALE,1
872,536,1,GRAYSCALE,1
872,552,1,GRAYSCALE,1
872,560,1,GRAYSCALE,2
872,584,1,GRAYSCALE,1
872,600,1,GRAYSCALE,1
872,608,1,GRAYSCALE,2
872,656,1,GRAYSCALE,1
872,696,1,GRAYSCALE,1
877,513,3,RGB,1
877,523,3,RGB,1
877,531,3,RGB,1
878,584,3,RGB,1
880,424,1,GRAYSCALE,1
880,440,1,GRAYSCALE,1
880,464,1,GRAYSCALE,1
880,472,1,GRAYSCALE,1
880,520,1,GRAYSCALE,1
880,536,1,GRAYSCALE,2
880,552,1,GRAYSCALE,2
880,560,1,GRAYSCALE,1
880,576,1,GRAYSCALE,1
880,584,1,GRAYSCALE,3
880,592,1,GRAYSCALE,1
880,600,1,GRAYSCALE,1
880,632,1,GRAYSCALE,1
880,648,1,GRAYSCALE,1
880,656,1,GRAYSCALE,1
880,680,1,GRAYSCALE,1
880,744,1,GRAYSCALE,1
883,559,3,RGB,1
885,592,3,RGB,1
886,570,3,RGB,1
888,344,1,GRAYSCALE,1
888,440,1,GRAYSCALE,1
888,454,3,RGB,1
888,464,1,GRAYSCALE,1
888,472,1,GRAYSCALE,1
888,488,1,GRAYSCALE,1
888,504,1,GRAYSCALE,1
888,536,1,GRAYSCALE,3
888,552,1,GRAYSCALE,1
888,560,1,GRAYSCALE,1
888,568,1,GRAYSCALE,1
888,576,1,GRAYSCALE,1
888,584,1,GRAYSCALE,1
888,608,1,GRAYSCALE,1
888,616,1,GRAYSCALE,1
888,632,1,GRAYSCALE,1
888,656,1,GRAYSCALE,1
888,664,1,GRAYSCALE,1
888,672,1,GRAYSCALE,2
888,704,1,GRAYSCALE,1
888,712,1,GRAYSCALE,1
888,784,1,GRAYSCALE,1
889,569,3,RGB,1
894,610,1,GRAYSCALE,1
895,516,3,RGB,1
895,517,3,RGB,1
896,480,1,GRAYSCALE,1
896,488,1,GRAYSCALE,1
896,504,1,GRAYSCALE,1
896,512,1,GRAYSCALE,2
896,528,1,GRAYSCALE,2
896,536,1,GRAYSCALE,1
896,544,1,GRAYSCALE,2
896,552,1,GRAYSCALE,1
896,560,1,GRAYSCALE,2
896,568,1,GRAYSCALE,2
896,576,1,GRAYSCALE,2
896,578,3,RGB,1
896,584,1,GRAYSCALE,2
896,600,1,GRAYSCALE,1
896,616,1,GRAYSCALE,1
896,624,1,GRAYSCALE,2
896,648,1,GRAYSCALE,1
896,656,1,GRAYSCALE,2
896,664,1,GRAYSCALE,1
896,680,1,GRAYSCALE,3
904,416,1,GRAYSCALE,2
904,464,1,GRAYSCALE,1
904,472,1,GRAYSCALE,1
904,480,1,GRAYSCALE,1
904,512,1,GRAYSCALE,1
904,528,1,GRAYSCALE,1
904,536,1,GRAYSCALE,1
904,544,1,GRAYSCALE,2
904,552,1,GRAYSCALE,3
904,560,1,GRAYSCALE,3
904,568,1,GRAYSCALE,3
904,576,1,GRAYSCALE,4
904,584,1,GRAYSCALE,2
904,600,1,GRAYSCALE,2
904,608,1,GRAYSCALE,2
904,624,1,GRAYSCALE,2
904,648,1,GRAYSCALE,2
904,656,1,GRAYSCALE,1
904,664,1,GRAYSCALE,3
904,672,1,GRAYSCALE,3
904,704,1,GRAYSCALE,1
904,712,1,GRAYSCALE,1
904,792,1,GRAYSCALE,1
904,848,1,GRAYSCALE,1
907,513,3,RGB,1
911,630,3,RGB,1
912,456,1,GRAYSCALE,2
912,480,1,GRAYSCALE,2
912,520,1,GRAYSCALE,2
912,528,1,GRAYSCALE,1
912,536,1,GRAYSCALE,2
912,544,1,GRAYSCALE,1
912,552,1,GRAYSCALE,1
912,576,1,GRAYSCALE,1
912,584,1,GRAYSCALE,2
912,640,1,GRAYSCALE,1
912,648,1,GRAYSCALE,2
912,672,1,GRAYSCALE,1
912,704,1,GRAYSCALE,1
912,712,1,GRAYSCALE,1
918,735,1,GRAYSCALE,1
920,472,1,GRAYSCALE,2
920,496,1,GRAYSCALE,1
920,512,1,GRAYSCALE,2
920,520,1,GRAYSCALE,1
920,528,1,GRAYSCALE,2
920,536,1,GRAYSCALE,2
920,544,1,GRAYSCALE,4
920,552,1,GRAYSCALE,2
920,560,1,GRAYSCALE,1
920,568,1,GRAYSCALE,3
920,576,1,GRAYSCALE,1
920,600,1,GRAYSCALE,2
920,608,1,GRAYSCALE,3
920,624,1,GRAYSCALE,1
920,632,1,GRAYSCALE,3
920,640,1,GRAYSCALE,2
920,648,1,GRAYSCALE,3
920,656,1,GRAYSCALE,1
920,664,1,GRAYSCALE,1
920,672,1,GRAYSCALE,3
920,680,1,GRAYSCALE,3
920,696,1,GRAYSCALE,1
920,720,1,GRAYSCALE,1
920,736,1,GRAYSCALE,3
920,744,1,GRAYSCALE,2
920,752,1,GRAYSCALE,1
920,760,1,GRAYSCALE,2
920,808,1,GRAYSCALE,2
920,920,1,GRAYSCALE,1
923,586,3,RGB,1
923,604,3,RGB,1
925,635,3,RGB,1
926,606,3,RGB,1
926,628,3,RGB,1
927,523,3,RGB,1
928,392,1,GRAYSCALE,1
928,432,1,GRAYSCALE,1
928,480,1,GRAYSCALE,1
928,496,1,GRAYSCALE,1
928,504,1,GRAYSCALE,1
928,520,1,GRAYSCALE,1
928,536,1,GRAYSCALE,1
928,544,1,GRAYSCALE,1
928,552,1,GRAYSCALE,1
928,568,1,GRAYSCALE,1
928,576,1,GRAYSCALE,2
928,584,1,GRAYSCALE,3
928,608,1,GRAYSCALE,2
928,616,1,GRAYSCALE,1
928,624,1,GRAYSCALE,3
928,640,1,GRAYSCALE,1
928,656,1,GRAYSCALE,3
928,664,1,GRAYSCALE,1
928,670,3,RGB,1
928,672,1,GRAYSCALE,1
928,688,1,GRAYSCALE,1
928,696,1,GRAYSCALE,1
928,704,1,GRAYSCALE,1
928,720,1,GRAYSCALE,1
928,736,1,GRAYSCALE,1
928,752,1,GRAYSCALE,1
928,824,1,GRAYSCALE,1
929,435,3,RGB,1
930,587,3,RGB,1
930,655,3,RGB,1
931,586,3,RGB,1
932,588,3,RGB,1
936,424,1,GRAYSCALE,1
936,496,1,GRAYSCALE,2
936,528,1,GRAYSCALE,1
936,552,1,GRAYSCALE,1
936,560,1,GRAYSCALE,1
936,568,1,GRAYSCALE,3
936,576,1,GRAYSCALE,1
936,584,1,GRAYSCALE,1
936,592,1,GRAYSCALE,1
936,600,1,GRAYSCALE,1
936,616,1,GRAYSCALE,3
936,624,1,GRAYSCALE,3
936,632,1,GRAYSCALE,3
936,640,1,GRAYSCALE,1
936,648,1,GRAYSCALE,2
936,656,1,GRAYSCALE,2
936,680,1,GRAYSCALE,2
936,684,3,RGB,1
936,688,1,GRAYSCALE,1
936,696,1,GRAYSCALE,3
936,704,1,GRAYSCALE,1
936,712,1,GRAYSCALE,1
936,720,1,GRAYSCALE,1
936,728,1,GRAYSCALE,1
936,744,1,GRAYSCALE,1
936,760,1,GRAYSCALE,1
936,768,1,GRAYSCALE,1
936,776,1,GRAYSCALE,1
936,792,1,GRAYSCALE,1
936,800,1,GRAYSCALE,1
937,515,3,RGB,1
937,533,3,RGB,1
940,696,3,RGB,1
941,609,3,RGB,1
942,537,3,RGB,1
942,571,1,GRAYSCALE,1
942,674,3,RGB,1
944,440,1,GRAYSCALE,1
944,480,1,GRAYSCALE,1
944,496,1,GRAYSCALE,1
944,528,1,GRAYSCALE,1
944,536,1,GRAYSCALE,1
944,552,1,GRAYSCALE,2
944,560,1,GRAYSCALE,3
944,568,1,GRAYSCALE,2
944,576,1,GRAYSCALE,1
944,584,1,GRAYSCALE,1
944,608,1,GRAYSCALE,1
944,616,1,GRAYSCALE,3
944,624,1,GRAYSCALE,2
944,631,3,RGB,1
944,632,1,GRAYSCALE,3
944,640,1,GRAYSCALE,3
944,648,1,GRAYSCALE,1
944,656,1,GRAYSCALE,1
944,672,1,GRAYSCALE,1
944,696,1,GRAYSCALE,1
944,704,1,GRAYSCALE,1
944,744,1,GRAYSCALE,2
944,776,1,GRAYSCALE,1
944,784,1,GRAYSCALE,1
944,808,1,GRAYSCALE,1
947,594,1,GRAYSCALE,1
948,542,1,GRAYSCALE,1
948,763,1,GRAYSCALE,1
952,440,1,GRAYSCALE,1
952,480,1,GRAYSCALE,1
952,488,1,GRAYSCALE,1
952,520,1,GRAYSCALE,2
952,528,1,GRAYSCALE,1
952,544,1,GRAYSCALE,3
952,560,1,GRAYSCALE,3
952,568,1,GRAYSCALE,3
952,576,1,GRAYSCALE,1
952,581,1,GRAYSCALE,1
952,584,1,GRAYSCALE,3
952,592,1,GRAYSCALE,1
952,600,1,GRAYSCALE,2
952,616,1,GRAYSCALE,1
952,624,1,GRAYSCALE,4
952,632,1,GRAYSCALE,4
952,640,1,GRAYSCALE,3
952,656,1,GRAYSCALE,1
952,664,1,GRAYSCALE,4
952,672,1,GRAYSCALE,2
952,680,1,GRAYSCALE,1
952,688,1,GRAYSCALE,2
952,696,1,GRAYSCALE,2
952,720,1,GRAYSCALE,1
952,736,1,GRAYSCALE,1
952,744,1,GRAYSCALE,1
952,752,1,GRAYSCALE,1
952,800,1,GRAYSCALE,1
956,603,3,RGB,1
958,744,1,GRAYSCALE,1
960,464,1,GRAYSCALE,1
960,520,1,GRAYSCALE,1
960,536,1,GRAYSCALE,1
960,544,1,GRAYSCALE,2
960,576,1,GRAYSCALE,2
960,616,1,GRAYSCALE,3
960,624,1,GRAYSCALE,1
960,632,1,GRAYSCALE,1
960,648,1,GRAYSCALE,1
960,656,1,GRAYSCALE,1
960,664,1,GRAYSCALE,2
960,672,1,GRAYSCALE,1
960,688,1,GRAYSCALE,2
960,696,1,GRAYSCALE,1
960,712,1,GRAYSCALE,1
960,744,1,GRAYSCALE,1
960,816,1,GRAYSCALE,1
966,619,3,RGB,1
967,683,3,RGB,1
968,440,1,GRAYSCALE,1
968,472,1,GRAYSCALE,1
968,499,3,RGB,1
968,512,1,GRAYSCALE,1
968,536,1,GRAYSCALE,2
968,544,1,GRAYSCALE,1
968,552,1,GRAYSCALE,1
968,560,1,GRAYSCALE,1
968,568,1,GRAYSCALE,1
968,576,1,GRAYSCALE,4
968,584,1,GRAYSCALE,2
968,592,1,GRAYSCALE,1
968,600,1,GRAYSCALE,2
968,608,1,GRAYSCALE,1
968,624,1,GRAYSCALE,1
968,632,1,GRAYSCALE,1
968,648,1,GRAYSCALE,2
968,656,1,GRAYSCALE,4
968,664,1,GRAYSCALE,1
968,672,1,GRAYSCALE,2
968,688,1,GRAYSCALE,1
968,696,1,GRAYSCALE,1
968,712,1,GRAYSCALE,1
968,728,1,GRAYSCALE,1
968,744,1,GRAYSCALE,2
968,752,1,GRAYSCALE,1
968,832,1,GRAYSCALE,1
972,557,3,RGB,1
974,766,1,GRAYSCALE,1
976,504,1,GRAYSCALE,1
976,512,1,GRAYSCALE,1
976,544,1,GRAYSCALE,1
976,552,1,GRAYSCALE,1
976,560,1,GRAYSCALE,1
976,568,1,GRAYSCALE,2
976,576,1,GRAYSCALE,1
976,584,1,GRAYSCALE,1
976,600,1,GRAYSCALE,2
976,608,1,GRAYSCALE,4
976,616,1,GRAYSCALE,3
976,624,1,GRAYSCALE,3
976,632,1,GRAYSCALE,3
976,640,1,GRAYSCALE,1
976,648,1,GRAYSCALE,2
976,656,1,GRAYSCALE,2
976,664,1,GRAYSCALE,2
976,672,1,GRAYSCALE,5
976,680,1,GRAYSCALE,1
976,696,1,GRAYSCALE,1
976,704,1,GRAYSCALE,1
976,712,1,GRAYSCALE,2
976,720,1,GRAYSCALE,2
976,728,1,GRAYSCALE,1
976,736,1,GRAYSCALE,1
976,744,1,GRAYSCALE,1
976,768,1,GRAYSCALE,1
976,800,1,GRAYSCALE,1
976,832,1,GRAYSCALE,1
978,626,3,RGB,1
981,663,3,RGB,1
982,573,3,RGB,1
984,456,1,GRAYSCALE,1
984,496,1,GRAYSCALE,1
984,504,1,GRAYSCALE,1
984,512,1,GRAYSCALE,1
984,520,1,GRAYSCALE,4
984,544,1,GRAYSCALE,2
984,552,1,GRAYSCALE,3
984,560,1,GRAYSCALE,2
984,568,1,GRAYSCALE,1
984,576,1,GRAYSCALE,1
984,584,1,GRAYSCALE,3
984,592,1,GRAYSCALE,2
984,608,1,GRAYSCALE,2
984,616,1,GRAYSCALE,1
984,624,1,GRAYSCALE,1
984,648,1,GRAYSCALE,2
984,656,1,GRAYSCALE,4
984,664,1,GRAYSCALE,2
984,672,1,GRAYSCALE,4
984,680,1,GRAYSCALE,2
984,688,1,GRAYSCALE,1
984,696,1,GRAYSCALE,1
984,712,1,GRAYSCALE,3
984,760,1,GRAYSCALE,1
984,784,1,GRAYSCALE,1
985,585,3,RGB,1
985,621,3,RGB,1
986,634,3,RGB,1
986,709,1,GRAYSCALE,1
989,651,3,RGB,1
990,528,3,RGB,1
990,614,3,RGB,1
992,464,1,GRAYSCALE,1
992,496,1,GRAYSCALE,1
992,520,1,GRAYSCALE,3
992,528,1,GRAYSCALE,2
992,544,1,GRAYSCALE,1
992,552,1,GRAYSCALE,1
992,560,1,GRAYSCALE,2
992,568,1,GRAYSCALE,1
992,576,1,GRAYSCALE,1
992,592,1,GRAYSCALE,6
992,600,1,GRAYSCALE,4
992,608,1,GRAYSCALE,6
992,616,1,GRAYSCALE,4
992,624,1,GRAYSCALE,1
992,632,1,GRAYSCALE,1
992,640,1,GRAYSCALE,3
992,656,1,GRAYSCALE,1
992,664,1,GRAYSCALE,2
992,672,1,GRAYSCALE,1
992,680,1,GRAYSCALE,1
992,688,1,GRAYSCALE,1
992,696,1,GRAYSCALE,1
992,704,1,GRAYSCALE,1
992,712,1,GRAYSCALE,3
992,736,1,GRAYSCALE,3
992,752,1,GRAYSCALE,1
992,760,1,GRAYSCALE,3
992,768,1,GRAYSCALE,1
992,776,1,GRAYSCALE,3
992,784,1,GRAYSCALE,2
992,792,1,GRAYSCALE,2
992,800,1,GRAYSCALE,1
992,816,1,GRAYSCALE,1
992,832,1,GRAYSCALE,1
994,758,1,GRAYSCALE,1
995,604,3,RGB,1
998,740,1,GRAYSCALE,1
998,747,1,GRAYSCALE,1
